kind	definition	member	member_type	arguments	source_line
directive	specifiedBy			url: String!	1
input	AddAIMLCommunityQuestionInput	messageId	ID!		8
input	AddAIMLCommunityQuestionInput	order	Int!		9
object	Agreement	id	ID!		13
object	Agreement	name	String!		14
object	Agreement	description	String		15
object	Agreement	type	AgreementType!		16
object	Agreement	active	Boolean!		17
object	Agreement	createdAt	DateTime!		18
object	Agreement	updatedAt	DateTime		19
object	Agreement	userAgreements	[UserAgreement!]!		20
input	AgreementInput	id	ID!		24
input	AgreementInput	name	String!		25
input	AgreementInput	description	String		26
input	AgreementInput	type	AgreementType		27
input	AgreementInput	active	Boolean		28
enum	AgreementType	HARD			33
enum	AgreementType	SOFT			34
object	Aimlab	ranks	[AimlabRank!]!		39
object	Aimlab	task	AimlabTask	mode: Float, slug: String!	40
object	Aimlab	tasks	[AimlabTask!]!	name: String!	41
object	Aimlab	csTask	AimlabCSTask	id: String!	42
object	Aimlab	csTasks	[AimlabCSTask!]!	name: String!	43
object	Aimlab	searchCsTasks	[AimlabCSTask!]!	searchInput: SearchInput!	44
object	Aimlab	searchTaskAssets	[TaskAsset!]!	searchInput: SearchInput!	45
object	Aimlab	searchAimlabAssets	AimlabAssetConnection!	filter: AimlabAssetSearchFilters!, before: String, after: String, first: Int, last: Int	46
object	Aimlab	nextTask	[AimlabTask!]!	prevMode: Float, prevSlug: String!	63
object	Aimlab	play	AimlabPlayStatistics!	id: String!	65
object	Aimlab	plays	AimlabPlayStatisticsConnection!	limit: Int, offset: Int, order_by: AimlabPlayOrderBy!, where: AimlabPlayWhere!	68
object	Aimlab	plays_agg	[AimlabPlayStatisticsAgg!]!	where: AimlabPlayWhere!	71
object	Aimlab	benchmarks	[Benchmark!]!	includeUnpublished: Boolean	73
object	Aimlab	benchmark	Benchmark	benchmarkId: ID!	74
object	Aimlab	leaderboard	AimlabLeaderboard	input: LeaderboardInput!	75
object	Aimlab	leaderboardProjection	AimlabLeaderboardProjection	input: LeaderboardInput!	76
object	Aimlab	createBenchmark	Benchmark!	benchmarkInput: BenchmarkInput!	77
object	Aimlab	editBenchmark	Benchmark!	benchmarkInput: EditBenchmarkInput!, benchmarkId: ID!	78
object	AimlabActivity	user	User!		82
object	AimlabActivity	interval	AimlabActivityInterval!		83
object	AimlabActivity	ranges	[AimlabActivityRange!]!		84
object	AimlabActivity	streaks	[AimlabActivityStreak!]!		85
object	AimlabActivity	latestStreak	AimlabActivityStreak		86
object	AimlabActivity	highestStreak	AimlabActivityStreak		87
enum	AimlabActivityInterval	DAILY			91
enum	AimlabActivityInterval	WEEKLY			92
enum	AimlabActivityInterval	MONTHLY			93
object	AimlabActivityRange	startDate	String!		97
object	AimlabActivityRange	endDate	String!		98
object	AimlabActivityRange	plays	Float!		99
object	AimlabActivityStreak	startDate	String!		103
object	AimlabActivityStreak	endDate	String!		104
object	AimlabActivityStreak	plays	Float!		105
object	AimlabActivityStreak	streakCount	Float!		106
object	AimlabAsset	id	ID!		110
object	AimlabAsset	creatorId	String		111
object	AimlabAsset	type	AimlabAssetType!		112
object	AimlabAsset	subtype	String		113
object	AimlabAsset	source	String		114
object	AimlabAsset	source_id	String		115
object	AimlabAsset	author_id	String		116
object	AimlabAsset	name	String		117
object	AimlabAsset	description	String		118
object	AimlabAsset	image_url	String		119
object	AimlabAsset	current_version	String		120
object	AimlabAsset	file_size	Float		121
object	AimlabAsset	s3_bucket	String!		122
object	AimlabAsset	s3_key	String!		123
object	AimlabAsset	created_at	DateTime!		124
object	AimlabAsset	modified_at	DateTime		125
object	AimlabAsset	source_author_id	String		126
object	AimlabAsset	author	User		127
object	AimlabAsset	anthic_id	String		129
object	AimlabAsset	url	String!		133
object	AimlabAssetConnection	edges	[AimlabAssetEdge]		137
object	AimlabAssetConnection	pageInfo	ConnectionPageInfo!		140
object	AimlabAssetConnection	totalCount	Int!		143
object	AimlabAssetEdge	node	AimlabAsset!		148
object	AimlabAssetEdge	cursor	String!		151
input	AimlabAssetSearchFilters	name	String		156
input	AimlabAssetSearchFilters	types	[AimlabAssetType!]		157
input	AimlabAssetSearchFilters	subtype	String		158
input	AimlabAssetSearchFilters	sourceIds	[String!]		159
enum	AimlabAssetType	playlist			163
enum	AimlabAssetType	task			164
enum	AimlabAssetType	weapon_skin			165
enum	AimlabAssetType	recoil			166
enum	AimlabAssetType	weapon			167
object	AimlabCosmetics	badge	Badge		171
object	AimlabCosmetics	avatar	Avatar		172
object	AimlabCosmetics	title	Title		173
object	AimlabCSTask	id	String!		177
object	AimlabCSTask	name	String!		178
object	AimlabCSTask	description	String		179
object	AimlabCSTask	imageUrl	String		180
object	AimlabCSTask	currentVersion	String		181
object	AimlabCSTask	assetId	String!		182
object	AimlabCSTask	authorId	String		183
object	AimlabCSTask	weaponId	String		184
object	AimlabCSTask	createdAt	DateTime!		185
object	AimlabCSTask	modifiedAt	DateTime		186
object	AimlabCSTask	asset	TaskAsset		187
object	AimlabCSTask	author	Author		188
object	AimlabCSTask	authorUser	User		189
object	AimlabLeaderboard	id	String		193
object	AimlabLeaderboard	source	String!		194
object	AimlabLeaderboard	input	AimlabLeaderboardInput		195
object	AimlabLeaderboard	metadata	AimlabLeaderboardMetadata		196
object	AimlabLeaderboard	data	[JSONObject!]!		197
object	AimlabLeaderboard	leaderboardEntries	[AimlabLeaderboardEntry!]!		198
object	AimlabLeaderboard	schema	AimlabLeaderboardSchema		199
object	AimlabLeaderboard	profiles	[AimlabProfile]!		200
object	AimlabLeaderboard	task	AimlabTask		201
object	AimlabLeaderboardEntry	data	JSONObject!		205
object	AimlabLeaderboardEntry	aimlabProfile	AimlabProfile		206
object	AimlabLeaderboardEntry	play	Play		207
object	AimlabLeaderboardField	name	String!		211
object	AimlabLeaderboardField	reverse	Boolean!		212
object	AimlabLeaderboardField	format	String!		213
object	AimlabLeaderboardField	precision	Float!		214
object	AimlabLeaderboardField	label	String		215
object	AimlabLeaderboardField	description	String		216
object	AimlabLeaderboardInput	clientId	String!		220
object	AimlabLeaderboardInput	combined	Boolean		222
object	AimlabLeaderboardInput	metric	LeaderboardMetric		224
object	AimlabLeaderboardInput	campaignId	String		225
object	AimlabLeaderboardInput	taskId	String		226
object	AimlabLeaderboardInput	taskMode	Int		227
object	AimlabLeaderboardInput	taskVersion	Int		228
object	AimlabLeaderboardInput	weaponId	String		229
object	AimlabLeaderboardInput	window	AimlabLeaderboardInputWindow		230
object	AimlabLeaderboardInput	friends	LeaderboardFriendSource		231
object	AimlabLeaderboardInput	userId	String		232
object	AimlabLeaderboardInput	playId	String		233
object	AimlabLeaderboardInput	username	String		234
object	AimlabLeaderboardInput	nearby	Boolean		235
object	AimlabLeaderboardInput	offset	Int		236
object	AimlabLeaderboardInput	limit	Int		237
object	AimlabLeaderboardInput	source	LeaderboardDataSource		238
object	AimlabLeaderboardInputWindow	period	LeaderboardPeriod!		242
object	AimlabLeaderboardInputWindow	value	String		243
object	AimlabLeaderboardMetadata	offset	Float!		247
object	AimlabLeaderboardMetadata	rows	Float!		248
object	AimlabLeaderboardMetadata	totalRows	Float!		249
object	AimlabLeaderboardProjection	projectedRank	Float!		253
object	AimlabLeaderboardProjection	bestRank	Float!		254
object	AimlabLeaderboardSchema	id	String!		258
object	AimlabLeaderboardSchema	fields	[JSONObject!]!		259
object	AimlabLeaderboardSchema	columns	[AimlabLeaderboardField!]!		261
object	AimlabMetricValues	metric	AimlabPlaysMetric!		268
object	AimlabMetricValues	values	[MetricValue!]!		269
input	AimlabMountSinaiMetaData	taskCompleted	Boolean!		273
input	AimlabMountSinaiPlayResult	taskName	String!		277
input	AimlabMountSinaiPlayResult	taskId	String		278
input	AimlabMountSinaiPlayResult	taskVersion	String		279
input	AimlabMountSinaiPlayResult	mode	Float!		280
input	AimlabMountSinaiPlayResult	map	Float!		281
input	AimlabMountSinaiPlayResult	score	Float!		282
input	AimlabMountSinaiPlayResult	startedAt	Timestamp!		283
input	AimlabMountSinaiPlayResult	endedAt	Timestamp!		284
input	AimlabMountSinaiPlayResult	sentAt	Timestamp!		285
input	AimlabMountSinaiPlayResult	app	App!		286
input	AimlabMountSinaiPlayResult	appVersion	String!		287
input	AimlabMountSinaiPlayResult	studyId	String		288
input	AimlabMountSinaiPlayResult	performanceData	JSONObject		289
input	AimlabMountSinaiPlayResult	analyticsVersion	String		290
input	AimlabMountSinaiPlayResult	steamId	String		291
input	AimlabMountSinaiPlayResult	weaponId	String		292
input	AimlabMountSinaiPlayResult	modeId	Int		293
input	AimlabMountSinaiPlayResult	mapId	Int		294
input	AimlabMountSinaiPlayResult	mapVersion	String		295
input	AimlabMountSinaiPlayResult	duration	Float		296
input	AimlabMountSinaiPlayResult	pauseDuration	Float		297
input	AimlabMountSinaiPlayResult	weaponSkin	String		298
input	AimlabMountSinaiPlayResult	inputDevice	[InputDevice!]		299
input	AimlabMountSinaiPlayResult	isVisible	Boolean		300
input	AimlabMountSinaiPlayResult	seasonId	String		301
input	AimlabMountSinaiPlayResult	country	String		302
input	AimlabMountSinaiPlayResult	region	String		303
input	AimlabMountSinaiPlayResult	weaponName	String!		304
input	AimlabMountSinaiPlayResult	weaponType	String!		305
input	AimlabMountSinaiPlayResult	metaData	AimlabMountSinaiMetaData!		306
input	AimlabMountSinaiPlayResult	analyticsPayload	AnalyticsPayload!		307
input	AimlabMountSinaiPlayResult	userSettings	AimlabMountSinaiUserSettings!		308
input	AimlabMountSinaiPlayResult	userSkills	AimlabPlayUserSkills!		309
input	AimlabMountSinaiUserAudioSettings	masterVolume	Float!		313
input	AimlabMountSinaiUserAudioSettings	musicVolume	Float!		314
input	AimlabMountSinaiUserAudioSettings	gameMusicVolume	Float!		315
input	AimlabMountSinaiUserAudioSettings	videoVolume	Float!		316
input	AimlabMountSinaiUserAudioSettings	gunshotVolume	Float!		317
input	AimlabMountSinaiUserAudioSettings	enemyGunshotVolume	Float!		318
input	AimlabMountSinaiUserAudioSettings	hitSoundVolume	Float!		319
input	AimlabMountSinaiUserAudioSettings	killSoundVolume	Float!		320
input	AimlabMountSinaiUserAudioSettings	spawnSoundVolume	Float!		321
input	AimlabMountSinaiUserAudioSettings	hitSoundName	String!		322
input	AimlabMountSinaiUserAudioSettings	hitSoundPath	String!		323
input	AimlabMountSinaiUserAudioSettings	killSoundName	String!		324
input	AimlabMountSinaiUserAudioSettings	killSoundPath	String!		325
input	AimlabMountSinaiUserAudioSettings	spawnSoundName	String!		326
input	AimlabMountSinaiUserAudioSettings	spawnSoundPath	String!		327
input	AimlabMountSinaiUserAudioSettings	toggleHitSound	Float!		328
input	AimlabMountSinaiUserAudioSettings	toggleKillSound	Float!		329
input	AimlabMountSinaiUserAudioSettings	toggleSpawnSound	Float!		330
input	AimlabMountSinaiUserAudioSettings	musicChoice	Int!		331
input	AimlabMountSinaiUserAudioSettings	userHasChosen	Int!		332
input	AimlabMountSinaiUserControlSettings	gameProfile	String!		336
input	AimlabMountSinaiUserControlSettings	gameProfileNested	String!		337
input	AimlabMountSinaiUserControlSettings	gameUnits	Int!		338
input	AimlabMountSinaiUserControlSettings	gameExtraDropdown1	Int!		339
input	AimlabMountSinaiUserControlSettings	gameExtraDropdown2	Int!		340
input	AimlabMountSinaiUserControlSettings	gameExtraDropdown3	Int!		341
input	AimlabMountSinaiUserControlSettings	mouseSensitivityX	Float!		342
input	AimlabMountSinaiUserControlSettings	mouseSensitivityY	Float!		343
input	AimlabMountSinaiUserControlSettings	fieldOfView	Float!		344
input	AimlabMountSinaiUserControlSettings	lookIncrement	String!		345
input	AimlabMountSinaiUserControlSettings	lookVertFov	String!		346
input	AimlabMountSinaiUserControlSettings	lookExtraDropdown1	Int!		347
input	AimlabMountSinaiUserControlSettings	lookExtraDropdown2	Int!		348
input	AimlabMountSinaiUserControlSettings	lookExtraDropdown3	Int!		349
input	AimlabMountSinaiUserControlSettings	lookExtraSlider1	String!		350
input	AimlabMountSinaiUserControlSettings	lookExtraSlider2	String!		351
input	AimlabMountSinaiUserControlSettings	lookExtraSlider3	String!		352
input	AimlabMountSinaiUserControlSettings	sensitivityRandomizer	Int!		353
input	AimlabMountSinaiUserControlSettings	sensitivityRandomizerStdDev	Float!		354
input	AimlabMountSinaiUserControlSettings	sensitivityRandomizerMinSensitivityMultiplier	Float!		355
input	AimlabMountSinaiUserControlSettings	sensitivityRandomizerMaxSensitivityMultiplier	Float!		356
input	AimlabMountSinaiUserControlSettings	sensitivityRandomizerInterval	Float!		357
input	AimlabMountSinaiUserControlSettings	sensitivityRandomizerSmoothing	Float!		358
input	AimlabMountSinaiUserControlSettings	zoomProfile	String!		359
input	AimlabMountSinaiUserControlSettings	aDSMouseSensitivityX	Float!		360
input	AimlabMountSinaiUserControlSettings	aDSMouseSensitivityY	Float!		361
input	AimlabMountSinaiUserControlSettings	aDSFieldOfView	Float!		362
input	AimlabMountSinaiUserControlSettings	zoomIncrement	String!		363
input	AimlabMountSinaiUserControlSettings	zoomIncrementUnclamped	String!		364
input	AimlabMountSinaiUserControlSettings	zoomVertFov	String!		365
input	AimlabMountSinaiUserControlSettings	zoomExtraDropdown1	Int!		366
input	AimlabMountSinaiUserControlSettings	zoomExtraDropdown2	Int!		367
input	AimlabMountSinaiUserControlSettings	zoomExtraDropdown3	Int!		368
input	AimlabMountSinaiUserControlSettings	zoomExtraSlider1	String!		369
input	AimlabMountSinaiUserControlSettings	zoomExtraSlider2	String!		370
input	AimlabMountSinaiUserControlSettings	zoomExtraSlider3	String!		371
input	AimlabMountSinaiUserControlSettings	inputSource	Int!		372
input	AimlabMountSinaiUserControlSettings	inputYAxisInvert	Int!		373
input	AimlabMountSinaiUserControlSettings	inputYAxisRatio	Int!		374
input	AimlabMountSinaiUserControlSettings	inputYAxisGain	String!		375
input	AimlabMountSinaiUserControlSettings	mouseCounts	Int!		376
input	AimlabMountSinaiUserControlSettings	mouseSmoothingEnabled	Int!		377
input	AimlabMountSinaiUserControlSettings	mouseSmoothingSteps	Int!		378
input	AimlabMountSinaiUserControlSettings	mouseSmoothingWeight	Float!		379
input	AimlabMountSinaiUserControlSettings	controllerCurveMode	Int!		380
input	AimlabMountSinaiUserControlSettings	controllerDeadZonePreset	Int!		381
input	AimlabMountSinaiUserControlSettings	controllerDeadZone	Float!		382
input	AimlabMountSinaiUserControlSettings	gameProfileFilter	Int!		383
input	AimlabMountSinaiUserControlSettings	lookConversion	Int!		384
input	AimlabMountSinaiUserControlSettings	zoomConversion	Int!		385
input	AimlabMountSinaiUserControlSettings	convertFromCircumference	String!		386
input	AimlabMountSinaiUserControlSettings	convertFromAngleOfView	String!		387
input	AimlabMountSinaiUserControlSettings	lookMonitorDistance	String!		388
input	AimlabMountSinaiUserControlSettings	zoomMonitorDistance	String!		389
input	AimlabMountSinaiUserControlSettings	distanceUnits	Int!		390
input	AimlabMountSinaiUserControlSettings	sensitivityOptions	Int!		391
input	AimlabMountSinaiUserControlSettings	fieldOfViewOptions	Int!		392
input	AimlabMountSinaiUserCreatorStudioSettings	csWizardIntro	Int!		396
input	AimlabMountSinaiUserCrosshairAnchorSettings	Anchor	TwoDimensionalSpatialVector!		400
input	AimlabMountSinaiUserCrosshairAnchorSettings	Delta	TwoDimensionalSpatialVector!		401
input	AimlabMountSinaiUserCrosshairSettings	crosshairVersion	Int!		405
input	AimlabMountSinaiUserCrosshairSettings	crosshairColor	RGBAVector!		406
input	AimlabMountSinaiUserCrosshairSettings	currentCrosshair	Int!		407
input	AimlabMountSinaiUserCrosshairSettings	leftAnchor	AimlabMountSinaiUserCrosshairAnchorSettings!		408
input	AimlabMountSinaiUserCrosshairSettings	rightAnchor	AimlabMountSinaiUserCrosshairAnchorSettings!		409
input	AimlabMountSinaiUserCrosshairSettings	topAnchor	AimlabMountSinaiUserCrosshairAnchorSettings!		410
input	AimlabMountSinaiUserCrosshairSettings	bottomAnchor	AimlabMountSinaiUserCrosshairAnchorSettings!		411
input	AimlabMountSinaiUserCrosshairSettings	circleRadius	Float!		412
input	AimlabMountSinaiUserCrosshairSettings	centerGap	Float!		413
input	AimlabMountSinaiUserCrosshairSettings	outlineOpacity	Float!		414
input	AimlabMountSinaiUserCrosshairSettings	dotSize	Float!		415
input	AimlabMountSinaiUserCrosshairSettings	length	Float!		416
input	AimlabMountSinaiUserCrosshairSettings	thickness	Float!		417
input	AimlabMountSinaiUserCrosshairSettings	customSizeScalar	Float!		418
input	AimlabMountSinaiUserCrosshairSettings	customReticles	[JSONObject!]!		419
input	AimlabMountSinaiUserCrosshairSettings	currentlySelectedCustomReticle	Int!		420
input	AimlabMountSinaiUserGameSettings	language	String!		424
input	AimlabMountSinaiUserGameSettings	localeID	String!		425
input	AimlabMountSinaiUserGameSettings	showHUD	Boolean!		426
input	AimlabMountSinaiUserGameSettings	countdownDuration	Int!		427
input	AimlabMountSinaiUserGameSettings	defaultCameraPOVTo3rdPerson	Boolean!		428
input	AimlabMountSinaiUserGameSettings	weaponRecoilEnabled	Boolean!		429
input	AimlabMountSinaiUserGameSettings	adsCameraSwayEnabled	Boolean!		430
input	AimlabMountSinaiUserGameSettings	showWeapon	Boolean!		431
input	AimlabMountSinaiUserGameSettings	useHolographic	Boolean!		432
input	AimlabMountSinaiUserGameSettings	isLeftHanded	Boolean!		433
input	AimlabMountSinaiUserGameSettings	fovScale	Boolean!		434
input	AimlabMountSinaiUserGameSettings	target	AimlabMountSinaiUserTargetSettings!		435
input	AimlabMountSinaiUserGameSettings	missTarget	AimlabMountSinaiUserTargetSettings!		436
input	AimlabMountSinaiUserGameSettings	hitTarget	AimlabMountSinaiUserTargetSettings!		437
input	AimlabMountSinaiUserGameSettings	isFirstSession	Int!		438
input	AimlabMountSinaiUserGameSettings	isFTUETask	Int!		439
input	AimlabMountSinaiUserGameSettings	initialSessionId	String!		440
input	AimlabMountSinaiUserGraphicsSettings	screenHeight	Int!		444
input	AimlabMountSinaiUserGraphicsSettings	screenWidth	Int!		445
input	AimlabMountSinaiUserGraphicsSettings	refreshRate	Int!		446
input	AimlabMountSinaiUserGraphicsSettings	displayMode	Int!		447
input	AimlabMountSinaiUserGraphicsSettings	selectedDisplay	Int!		448
input	AimlabMountSinaiUserGraphicsSettings	fullscreen	Boolean!		449
input	AimlabMountSinaiUserGraphicsSettings	displayStretchingRatio	String!		450
input	AimlabMountSinaiUserGraphicsSettings	maxQueuedFrames	Int!		451
input	AimlabMountSinaiUserGraphicsSettings	useMaxFPS	Boolean!		452
input	AimlabMountSinaiUserGraphicsSettings	fPSLimit	Int!		453
input	AimlabMountSinaiUserGraphicsSettings	fPSLimitUI	Int!		454
input	AimlabMountSinaiUserGraphicsSettings	graphicsQualityIndex	Int!		455
input	AimlabMountSinaiUserGraphicsSettings	graphicsQuality	Int!		456
input	AimlabMountSinaiUserGraphicsSettings	postProcessingFX	Boolean!		457
input	AimlabMountSinaiUserGraphicsSettings	muzzleFlashFX	Boolean!		458
input	AimlabMountSinaiUserGraphicsSettings	shellCasingFX	Boolean!		459
input	AimlabMountSinaiUserGraphicsSettings	bulletImpactFX	Boolean!		460
input	AimlabMountSinaiUserGraphicsSettings	playerDamageFX	Boolean!		461
input	AimlabMountSinaiUserGraphicsSettings	targetDestructionFX	Boolean!		462
input	AimlabMountSinaiUserGraphicsSettings	dropdownPosition	Int!		463
input	AimlabMountSinaiUserGrayboxSettings	grayboxMat	String!		467
input	AimlabMountSinaiUserGrayboxSettings	grayboxR	Float!		468
input	AimlabMountSinaiUserGrayboxSettings	grayboxG	Float!		469
input	AimlabMountSinaiUserGrayboxSettings	grayboxB	Float!		470
input	AimlabMountSinaiUserGrayboxSettings	overrideCreatorStudio	Boolean!		471
input	AimlabMountSinaiUserGrayboxSettings	disableShadows	Boolean!		472
input	AimlabMountSinaiUserGrayboxSettings	grayboxCustomSettings	[String!]!		473
input	AimlabMountSinaiUserKeybindingSettings	toggleCrouchEnabled	Boolean!		477
input	AimlabMountSinaiUserKeybindingSettings	toggleLeanEnabled	Boolean!		478
input	AimlabMountSinaiUserKeybindingSettings	toggleZoomEnabled	Boolean!		479
input	AimlabMountSinaiUserKeybindingSettings	attackKeyBind	String!		480
input	AimlabMountSinaiUserKeybindingSettings	zoomKeyBind	String!		481
input	AimlabMountSinaiUserKeybindingSettings	reloadKeyBind	String!		482
input	AimlabMountSinaiUserKeybindingSettings	jumpKeyBind	String!		483
input	AimlabMountSinaiUserKeybindingSettings	crouchKeyBind	String!		484
input	AimlabMountSinaiUserKeybindingSettings	runKeyBind	String!		485
input	AimlabMountSinaiUserKeybindingSettings	forwardkBind	String!		486
input	AimlabMountSinaiUserKeybindingSettings	backwardBind	String!		487
input	AimlabMountSinaiUserKeybindingSettings	leftBind	String!		488
input	AimlabMountSinaiUserKeybindingSettings	rightBind	String!		489
input	AimlabMountSinaiUserKeybindingSettings	leanLeftBind	String!		490
input	AimlabMountSinaiUserKeybindingSettings	leanRightBind	String!		491
input	AimlabMountSinaiUserKeybindingSettings	bindDetection	String!		492
input	AimlabMountSinaiUserKeybindingSettings	bindPerspective	String!		493
input	AimlabMountSinaiUserOtherSettings	firstLogin	Int		497
input	AimlabMountSinaiUserOtherSettings	setupComplete	Int!		498
input	AimlabMountSinaiUserOtherSettings	prefsVersion	Int!		499
input	AimlabMountSinaiUserOtherSettings	mapChoice	String!		500
input	AimlabMountSinaiUserOtherSettings	weaponsConfig	String!		501
input	AimlabMountSinaiUserOtherSettings	weaponChoice	String!		502
input	AimlabMountSinaiUserOtherSettings	playerWeaponChoice	String!		503
input	AimlabMountSinaiUserOtherSettings	userItems	[AimlabMountSinaiUserOwnedItem!]!		504
input	AimlabMountSinaiUserOtherSettings	alreadySetDiscordSettings	Int!		505
input	AimlabMountSinaiUserOtherSettings	founderIndicatorShowed	Int!		506
input	AimlabMountSinaiUserOtherSettings	rememberMe	Int!		507
input	AimlabMountSinaiUserOtherSettings	combineTaskIndex	Int!		508
input	AimlabMountSinaiUserOtherSettings	playPipVideos	Int!		509
input	AimlabMountSinaiUserOtherSettings	compete	Int!		510
input	AimlabMountSinaiUserOtherSettings	useInvariantCulture	Int!		511
input	AimlabMountSinaiUserOtherSettings	uploadCooldown	String!		512
input	AimlabMountSinaiUserOtherSettings	extraProfiles	String!		513
input	AimlabMountSinaiUserOtherSettings	didResetKeybindingToDefault	Int!		514
input	AimlabMountSinaiUserOtherSettings	eventId	[JSONObject!]!		515
input	AimlabMountSinaiUserOtherSettings	customID	String!		516
input	AimlabMountSinaiUserOtherSettings	valorantSelectedCharacter	String!		517
input	AimlabMountSinaiUserOtherSettings	valorantComplete	Boolean!		518
input	AimlabMountSinaiUserOtherSettings	combineData	[JSONObject!]!		519
input	AimlabMountSinaiUserOtherSettings	authMigrated	Boolean!		520
input	AimlabMountSinaiUserOwnedItem	ID	String!		524
input	AimlabMountSinaiUserOwnedItem	Name	String!		525
input	AimlabMountSinaiUserSettings	PlatformID	Int!		529
input	AimlabMountSinaiUserSettings	audioSettings	AimlabMountSinaiUserAudioSettings!		530
input	AimlabMountSinaiUserSettings	graphicsSettings	AimlabMountSinaiUserGraphicsSettings!		531
input	AimlabMountSinaiUserSettings	gameSettings	AimlabMountSinaiUserGameSettings!		532
input	AimlabMountSinaiUserSettings	crosshairSettings	AimlabMountSinaiUserCrosshairSettings!		533
input	AimlabMountSinaiUserSettings	keybindingSettings	AimlabMountSinaiUserKeybindingSettings!		534
input	AimlabMountSinaiUserSettings	controlSettings	AimlabMountSinaiUserControlSettings!		535
input	AimlabMountSinaiUserSettings	grayboxSettings	AimlabMountSinaiUserGrayboxSettings!		536
input	AimlabMountSinaiUserSettings	otherSettings	AimlabMountSinaiUserOtherSettings!		537
input	AimlabMountSinaiUserSettings	creatorStudioSettings	AimlabMountSinaiUserCreatorStudioSettings!		538
input	AimlabMountSinaiUserSettings	uiSettings	JSONObject!		539
input	AimlabMountSinaiUserTargetSettings	TargetColor	RGBAVector!		543
input	AimlabMountSinaiUserTargetSettings	TargetSkinType	Int!		544
input	AimlabPlayAdvancedStatisticsInput	crosshairPlacement	Float		548
input	AimlabPlayAdvancedStatisticsInput	movementAccuracy	Float		549
input	AimlabPlayAdvancedStatisticsInput	peekingScore	Float		550
object	AimlabPlayCosmetics	characterModelSkinSlug	String		554
object	AimlabPlayCosmetics	armSkinSlug	String		555
object	AimlabPlayCosmetics	targetPackSlug	String		556
input	AimlabPlayCosmeticsInput	characterModelSkinSlug	String		560
input	AimlabPlayCosmeticsInput	armSkinSlug	String		561
input	AimlabPlayCosmeticsInput	targetPackSlug	String		562
input	AimlabPlayMetaData	taskCompleted	Boolean		566
input	AimlabPlayOrderBy	score	OrderBy		570
input	AimlabPlayOrderBy	started_at	OrderBy		571
input	AimlabPlayOrderBy	ended_at	OrderBy		572
input	AimlabPlayResult	taskName	String!		576
input	AimlabPlayResult	taskId	String		577
input	AimlabPlayResult	taskVersion	String		578
input	AimlabPlayResult	mode	Int		579
input	AimlabPlayResult	map	Int		580
input	AimlabPlayResult	score	Float!		581
input	AimlabPlayResult	startedAt	Timestamp!		582
input	AimlabPlayResult	endedAt	Timestamp!		583
input	AimlabPlayResult	sentAt	Timestamp!		584
input	AimlabPlayResult	app	App!		585
input	AimlabPlayResult	appVersion	String!		586
input	AimlabPlayResult	studyId	String		587
input	AimlabPlayResult	performanceData	JSONObject		588
input	AimlabPlayResult	analyticsVersion	String		589
input	AimlabPlayResult	steamId	String		590
input	AimlabPlayResult	weaponId	String		591
input	AimlabPlayResult	modeId	Int		592
input	AimlabPlayResult	mapId	Int		593
input	AimlabPlayResult	mapVersion	String		594
input	AimlabPlayResult	duration	Float		595
input	AimlabPlayResult	pauseDuration	Float		596
input	AimlabPlayResult	weaponSkin	String		597
input	AimlabPlayResult	inputDevice	[InputDevice!]		598
input	AimlabPlayResult	isVisible	Boolean		599
input	AimlabPlayResult	seasonId	String		600
input	AimlabPlayResult	country	String		601
input	AimlabPlayResult	region	String		602
input	AimlabPlayResult	deviceId	String		603
input	AimlabPlayResult	weaponName	String!		604
input	AimlabPlayResult	weaponType	String!		605
input	AimlabPlayResult	metaData	AimlabPlayMetaData!		606
input	AimlabPlayResult	userSettings	AimlabUserSettingsInput!		607
input	AimlabPlayResult	userSkills	AimlabPlayUserSkills!		608
input	AimlabPlayResult	playCosmetics	AimlabPlayCosmeticsInput		609
input	AimlabPlayResult	advancedPerformanceData	AimlabPlayAdvancedStatisticsInput		610
input	AimlabPlayResult	matchPlaySubmissionInput	[MatchPlaySubmissionInput!]		611
enum	AimlabPlaysMetric	accuracy			615
enum	AimlabPlaysMetric	hs_percentage			616
enum	AimlabPlaysMetric	bs_percentage			617
enum	AimlabPlaysMetric	total_shots			618
enum	AimlabPlaysMetric	score			619
enum	AimlabPlaysMetric	hits			620
enum	AimlabPlaysMetric	misses			621
enum	AimlabPlaysMetric	crosshair_placement			622
enum	AimlabPlaysMetric	movement_accuracy			623
enum	AimlabPlaysMetric	peeking_score			624
enum	AimlabPlaysMetricGroup	day			628
enum	AimlabPlaysMetricGroup	week			629
enum	AimlabPlaysMetricGroup	month			630
enum	AimlabPlaysMetricGroup	year			631
object	AimlabPlayStatistics	id	Float		635
object	AimlabPlayStatistics	created_at	String		636
object	AimlabPlayStatistics	s3_bucket	String		637
object	AimlabPlayStatistics	s3_key	String		638
object	AimlabPlayStatistics	started_at	String		639
object	AimlabPlayStatistics	ended_at	String		640
object	AimlabPlayStatistics	play_id	String		641
object	AimlabPlayStatistics	user_id	String		642
object	AimlabPlayStatistics	steam_id	String		643
object	AimlabPlayStatistics	device_id	String		644
object	AimlabPlayStatistics	study_id	String		645
object	AimlabPlayStatistics	task_id	String		646
object	AimlabPlayStatistics	task_mode	Float		647
object	AimlabPlayStatistics	weapon_type	String		648
object	AimlabPlayStatistics	weapon_id	String		649
object	AimlabPlayStatistics	map_id	Float		650
object	AimlabPlayStatistics	game_version	String		651
object	AimlabPlayStatistics	score	Float		652
object	AimlabPlayStatistics	task_duration	Float		653
object	AimlabPlayStatistics	targets	Float		654
object	AimlabPlayStatistics	kills	Float		655
object	AimlabPlayStatistics	shots_fired	Float		656
object	AimlabPlayStatistics	shots_hit	Float		657
object	AimlabPlayStatistics	shots_hit_head	Float		658
object	AimlabPlayStatistics	shots_hit_body	Float		659
object	AimlabPlayStatistics	reaction_time	Float		660
object	AimlabPlayStatistics	accuracy	Float		661
object	AimlabPlayStatistics	shots_per_kill	Float		662
object	AimlabPlayStatistics	shots_missed	Float		663
object	AimlabPlayStatistics	kills_per_sec	Float		664
object	AimlabPlayStatistics	time_off_avg	Float		665
object	AimlabPlayStatistics	time_on_avg	Float		666
object	AimlabPlayStatistics	time_on_ratio	Float		667
object	AimlabPlayStatistics	settings_game	String		668
object	AimlabPlayStatistics	settings_fov	Float		669
object	AimlabPlayStatistics	username	String		670
object	AimlabPlayStatistics	skill_id	String		671
object	AimlabPlayStatistics	schema	String		672
object	AimlabPlayStatistics	task_name	String		673
object	AimlabPlayStatistics	task_mode_mod	Float		674
object	AimlabPlayStatistics	is_practice	Boolean		675
object	AimlabPlayStatistics	adv_crosshair_placement	Int		676
object	AimlabPlayStatistics	adv_movement_accuracy	Int		677
object	AimlabPlayStatistics	adv_peeking_score	Int		678
object	AimlabPlayStatisticsAgg	aggregate	AimlabPlayStatisticsAggFields		682
object	AimlabPlayStatisticsAgg	group_by	AimlabPlayStatisticsGroupFields		683
object	AimlabPlayStatisticsAggFields	avg	AimlabPlayStatisticsAvgFields!		687
object	AimlabPlayStatisticsAggFields	max	AimlabPlayStatisticsMaxFields!		688
object	AimlabPlayStatisticsAggFields	min	AimlabPlayStatisticsMinFields!		689
object	AimlabPlayStatisticsAggFields	sum	AimlabPlayStatisticsSumFields!		690
object	AimlabPlayStatisticsAggFields	stddev	AimlabPlayStatisticsStdDevFields!		691
object	AimlabPlayStatisticsAggFields	uniq	AimlabPlayStatisticsUniqFields!		692
object	AimlabPlayStatisticsAggFields	count	Float!		693
object	AimlabPlayStatisticsAvgFields	score	Float!		697
object	AimlabPlayStatisticsAvgFields	task_duration	Float!		698
object	AimlabPlayStatisticsAvgFields	targets	Float		699
object	AimlabPlayStatisticsAvgFields	kills	Float		700
object	AimlabPlayStatisticsAvgFields	shots_fired	Float		701
object	AimlabPlayStatisticsAvgFields	shots_hit	Float		702
object	AimlabPlayStatisticsAvgFields	shots_hit_head	Float		703
object	AimlabPlayStatisticsAvgFields	shots_hit_body	Float		704
object	AimlabPlayStatisticsAvgFields	reaction_time	Float		705
object	AimlabPlayStatisticsAvgFields	accuracy	Float		706
object	AimlabPlayStatisticsAvgFields	shots_per_kill	Float		707
object	AimlabPlayStatisticsAvgFields	shots_missed	Float		708
object	AimlabPlayStatisticsAvgFields	kills_per_sec	Float		709
object	AimlabPlayStatisticsAvgFields	time_off_avg	Float		710
object	AimlabPlayStatisticsAvgFields	time_on_avg	Float		711
object	AimlabPlayStatisticsAvgFields	time_on_ratio	Float		712
object	AimlabPlayStatisticsAvgFields	settings_fov	Float		713
object	AimlabPlayStatisticsAvgFields	settings_sensitivity_x	Float		714
object	AimlabPlayStatisticsAvgFields	settings_sensitivity_y	Float		715
object	AimlabPlayStatisticsAvgFields	adv_crosshair_placement	Float		716
object	AimlabPlayStatisticsAvgFields	adv_movement_accuracy	Float		717
object	AimlabPlayStatisticsAvgFields	adv_peeking_score	Float		718
object	AimlabPlayStatisticsConnection	pageInfo	PageInfo!		722
object	AimlabPlayStatisticsConnection	totalCount	Float!		723
object	AimlabPlayStatisticsConnection	edges	[AimlabPlayStatisticsEdge!]!		724
object	AimlabPlayStatisticsEdge	cursor	String		728
object	AimlabPlayStatisticsEdge	node	AimlabPlayStatistics!		729
object	AimlabPlayStatisticsGroupFields	user_id	String!		733
object	AimlabPlayStatisticsGroupFields	steam_id	String!		734
object	AimlabPlayStatisticsGroupFields	device_id	String!		735
object	AimlabPlayStatisticsGroupFields	study_id	String!		736
object	AimlabPlayStatisticsGroupFields	task_id	String!		737
object	AimlabPlayStatisticsGroupFields	task_mode	Float!		738
object	AimlabPlayStatisticsGroupFields	weapon_type	String!		739
object	AimlabPlayStatisticsGroupFields	weapon_id	String!		740
object	AimlabPlayStatisticsGroupFields	map_id	Float!		741
object	AimlabPlayStatisticsGroupFields	game_version	String!		742
object	AimlabPlayStatisticsGroupFields	settings_game	String!		743
object	AimlabPlayStatisticsGroupFields	skill_id	String!		744
object	AimlabPlayStatisticsGroupFields	schema	String!		745
object	AimlabPlayStatisticsGroupFields	task_mode_mod	Float!		746
object	AimlabPlayStatisticsGroupFields	task_name	String!		747
object	AimlabPlayStatisticsGroupFields	is_practice	Boolean!		748
object	AimlabPlayStatisticsGroupFields	is_ugc_task	Boolean!		749
object	AimlabPlayStatisticsGroupFields	is_ugc_weapon	Boolean!		750
object	AimlabPlayStatisticsGroupFields	ended_at	String!	period: Period!	751
object	AimlabPlayStatisticsMaxFields	score	Float!		755
object	AimlabPlayStatisticsMaxFields	task_duration	Float!		756
object	AimlabPlayStatisticsMaxFields	targets	Float		757
object	AimlabPlayStatisticsMaxFields	kills	Float		758
object	AimlabPlayStatisticsMaxFields	shots_fired	Float		759
object	AimlabPlayStatisticsMaxFields	shots_hit	Float		760
object	AimlabPlayStatisticsMaxFields	shots_hit_head	Float		761
object	AimlabPlayStatisticsMaxFields	shots_hit_body	Float		762
object	AimlabPlayStatisticsMaxFields	reaction_time	Float		763
object	AimlabPlayStatisticsMaxFields	shots_missed	Float		764
object	AimlabPlayStatisticsMaxFields	created_at	String!		765
object	AimlabPlayStatisticsMaxFields	ended_at	String!		766
object	AimlabPlayStatisticsMaxFields	accuracy	Float		767
object	AimlabPlayStatisticsMaxFields	shots_per_kill	Float		768
object	AimlabPlayStatisticsMaxFields	kills_per_sec	Float		769
object	AimlabPlayStatisticsMaxFields	time_off_avg	Float		770
object	AimlabPlayStatisticsMaxFields	time_on_avg	Float		771
object	AimlabPlayStatisticsMaxFields	time_on_ratio	Float		772
object	AimlabPlayStatisticsMaxFields	adv_crosshair_placement	Float		773
object	AimlabPlayStatisticsMaxFields	adv_movement_accuracy	Float		774
object	AimlabPlayStatisticsMaxFields	adv_peeking_score	Float		775
object	AimlabPlayStatisticsMinFields	score	Float!		779
object	AimlabPlayStatisticsMinFields	task_duration	Float!		780
object	AimlabPlayStatisticsMinFields	targets	Float		781
object	AimlabPlayStatisticsMinFields	kills	Float		782
object	AimlabPlayStatisticsMinFields	shots_fired	Float		783
object	AimlabPlayStatisticsMinFields	shots_hit	Float		784
object	AimlabPlayStatisticsMinFields	shots_hit_head	Float		785
object	AimlabPlayStatisticsMinFields	shots_hit_body	Float		786
object	AimlabPlayStatisticsMinFields	reaction_time	Float		787
object	AimlabPlayStatisticsMinFields	shots_missed	Float		788
object	AimlabPlayStatisticsMinFields	created_at	String!		789
object	AimlabPlayStatisticsMinFields	ended_at	String!		790
object	AimlabPlayStatisticsMinFields	accuracy	Float		791
object	AimlabPlayStatisticsMinFields	shots_per_kill	Float		792
object	AimlabPlayStatisticsMinFields	kills_per_sec	Float		793
object	AimlabPlayStatisticsMinFields	time_off_avg	Float		794
object	AimlabPlayStatisticsMinFields	time_on_avg	Float		795
object	AimlabPlayStatisticsMinFields	time_on_ratio	Float		796
object	AimlabPlayStatisticsMinFields	adv_crosshair_placement	Float		797
object	AimlabPlayStatisticsMinFields	adv_movement_accuracy	Float		798
object	AimlabPlayStatisticsMinFields	adv_peeking_score	Float		799
object	AimlabPlayStatisticsStdDevFields	score	Float!		803
object	AimlabPlayStatisticsStdDevFields	task_duration	Float!		804
object	AimlabPlayStatisticsStdDevFields	targets	Float		805
object	AimlabPlayStatisticsStdDevFields	kills	Float		806
object	AimlabPlayStatisticsStdDevFields	shots_fired	Float		807
object	AimlabPlayStatisticsStdDevFields	shots_hit	Float		808
object	AimlabPlayStatisticsStdDevFields	shots_hit_head	Float		809
object	AimlabPlayStatisticsStdDevFields	shots_hit_body	Float		810
object	AimlabPlayStatisticsStdDevFields	reaction_time	Float		811
object	AimlabPlayStatisticsStdDevFields	accuracy	Float		812
object	AimlabPlayStatisticsStdDevFields	shots_per_kill	Float		813
object	AimlabPlayStatisticsStdDevFields	shots_missed	Float		814
object	AimlabPlayStatisticsStdDevFields	kills_per_sec	Float		815
object	AimlabPlayStatisticsStdDevFields	time_off_avg	Float		816
object	AimlabPlayStatisticsStdDevFields	time_on_avg	Float		817
object	AimlabPlayStatisticsStdDevFields	time_on_ratio	Float		818
object	AimlabPlayStatisticsSumFields	score	Float!		822
object	AimlabPlayStatisticsSumFields	task_duration	Float!		823
object	AimlabPlayStatisticsSumFields	targets	Float		824
object	AimlabPlayStatisticsSumFields	kills	Float		825
object	AimlabPlayStatisticsSumFields	shots_fired	Float		826
object	AimlabPlayStatisticsSumFields	shots_hit	Float		827
object	AimlabPlayStatisticsSumFields	shots_hit_head	Float		828
object	AimlabPlayStatisticsSumFields	shots_hit_body	Float		829
object	AimlabPlayStatisticsSumFields	reaction_time	Float		830
object	AimlabPlayStatisticsSumFields	shots_missed	Float		831
object	AimlabPlayStatisticsUniqFields	id	Float		835
object	AimlabPlayStatisticsUniqFields	play_id	Float		836
object	AimlabPlayStatisticsUniqFields	task	Float		837
object	AimlabPlayStatisticsUniqFields	weapon_id	Float		838
object	AimlabPlayStatisticsUniqFields	ended_at	Float	period: Period!	839
input	AimlabPlayUserSkills	id	Int!		843
input	AimlabPlayUserSkills	task_id	Int!		844
input	AimlabPlayUserSkills	task_name	String!		845
input	AimlabPlayUserSkills	create_date	String!		846
input	AimlabPlayUserSkills	flicking	Float		847
input	AimlabPlayUserSkills	tracking	Float		848
input	AimlabPlayUserSkills	speed	Float		849
input	AimlabPlayUserSkills	precision	Float		850
input	AimlabPlayUserSkills	perception	Float		851
input	AimlabPlayUserSkills	cognition	Float		852
input	AimlabPlayUserSkills	switching	Float		853
input	AimlabPlayUserSkills	gain_avg	Float		854
input	AimlabPlayUserSkills	error_avg	Float		855
input	AimlabPlayUserSkills	gain_per_bin	[Float]!		856
input	AimlabPlayUserSkills	error_per_bin	[Float]!		857
input	AimlabPlayUserSkills	composite_score	Float!		858
input	AimlabPlayWhere	user_id	StringCompare		862
input	AimlabPlayWhere	steam_id	StringCompare		863
input	AimlabPlayWhere	study_id	StringCompare		864
input	AimlabPlayWhere	task_id	StringCompare		865
input	AimlabPlayWhere	task_mode	IntCompare		866
input	AimlabPlayWhere	weapon_type	StringCompare		867
input	AimlabPlayWhere	weapon_id	StringCompare		868
input	AimlabPlayWhere	map_id	IntCompare		869
input	AimlabPlayWhere	score	IntCompare		870
input	AimlabPlayWhere	ended_at	DateTimeCompare		871
input	AimlabPlayWhere	task_mode_mod	IntCompare		872
input	AimlabPlayWhere	is_practice	BoolCompare		873
input	AimlabPlayWhere	is_ugc_task	BoolCompare		874
input	AimlabPlayWhere	is_ugc_weapon	BoolCompare		875
object	AimlabProfile	isSubscribed	Boolean!		879
object	AimlabProfile	subscriptionStatus	AimlabsPlusSubscriptionStatus		880
object	AimlabProfile	user	User!		881
object	AimlabProfile	missionState	MissionState	id: String!	882
object	AimlabProfile	missionStates	[MissionState!]!		883
object	AimlabProfile	didWinMissionWithChallenge	Boolean!	input: DidWinMissionWithChallengeInput!	884
object	AimlabProfile	cosmetics	AimlabCosmetics!		885
object	AimlabProfile	metrics	[AimlabMetricValues!]!	metrics: [AimlabProfileMetricInput!]!, groupBy: AimlabPlaysMetricGroup!, range: AimlabProfileMetricRangeInput!	886
object	AimlabProfile	roles	[String!]!		887
object	AimlabProfile	id	String!		888
object	AimlabProfile	username	String!		889
object	AimlabProfile	lastPlayed	Float!		890
object	AimlabProfile	imageUrl	String		891
object	AimlabProfile	bannerUrl	String		892
object	AimlabProfile	plays	PlayConnection!	filter: PlayFilterInput, before: String, after: String, first: Int, last: Int	893
object	AimlabProfile	latestPlay	PlayConnection!	filter: PlayFilterInput, before: String, after: String, first: Int, last: Int	910
object	AimlabProfile	mobileProfile	MobileProfile		927
object	AimlabProfile	ranking	AimlabRanking!	app: App	928
object	AimlabProfile	training	AimlabTraining!		929
object	AimlabProfile	activity	AimlabActivity!	interval: AimlabActivityInterval!	930
object	AimlabProfile	skillScores	[AimlabSkillScore!]!		931
object	AimlabProfile	taskStats	[AimlabTaskStats!]!	limit: Int	932
object	AimlabProfile	combineRating	CombineRating!	combineId: String!	933
object	AimlabProfile	matchChallengeRecord	MatchChallengeRecord!		934
object	AimlabProfile	totalFriends	Int!		935
object	AimlabProfile	friendsList	FriendsListResult!	source: FriendRequestSource, offset: Int!, limit: Int!	936
object	AimlabProfile	rank	AimlabUserRank	seasonId: String	937
object	AimlabProfileEdge	node	AimlabProfile!		941
object	AimlabProfileEdge	cursor	String!		944
input	AimlabProfileFilterInput	anthicIds	[String!]		949
input	AimlabProfileFilterInput	usernames	[String!]		950
input	AimlabProfileFilterInput	profileType	ProfileType!		951
input	AimlabProfileMetricInput	metric	AimlabPlaysMetric!		955
input	AimlabProfileMetricInput	aggregator	String		956
input	AimlabProfileMetricRangeInput	startDate	DateTime		960
input	AimlabProfileMetricRangeInput	endDate	DateTime		961
object	AimlabProfilesConnection	edges	[AimlabProfileEdge]		965
object	AimlabProfilesConnection	pageInfo	ConnectionPageInfo!		968
object	AimlabProfilesConnection	totalCount	Int!		971
object	AimlabRank	id	String!		976
object	AimlabRank	maxSkill	Float!		977
object	AimlabRank	tier	AimlabRankTier!		978
object	AimlabRank	level	Int!		979
object	AimlabRank	minSkill	Float!		980
object	AimlabRank	displayName	String!		981
object	AimlabRanking	rank	AimlabRank!		985
object	AimlabRanking	skill	Float!		986
enum	AimlabRankTier	GRANDMASTER			990
enum	AimlabRankTier	MASTER			991
enum	AimlabRankTier	DIAMOND			992
enum	AimlabRankTier	EMERALD			993
enum	AimlabRankTier	RUBY			994
enum	AimlabRankTier	PLATINUM			995
enum	AimlabRankTier	GOLD			996
enum	AimlabRankTier	SILVER			997
enum	AimlabRankTier	BRONZE			998
enum	AimlabRankTier	UNRANKED			999
object	AimlabSeason	id	ID!		1003
object	AimlabSeason	name	String!		1004
object	AimlabSeason	description	String		1005
object	AimlabSeason	startDate	DateTime!		1006
object	AimlabSeason	endDate	DateTime!		1007
object	AimlabSeason	createdAt	DateTime!		1008
object	AimlabSeason	updatedAt	DateTime		1009
object	AimlabSeason	active	Boolean!		1010
object	AimlabSeason	tasks	[AimlabSeasonTask!]!		1011
object	AimlabSeasonTask	seasonId	String!		1015
object	AimlabSeasonTask	taskId	String!		1016
object	AimlabSeasonTask	sortOrder	Float!		1017
object	AimlabSeasonTask	weaponId	String!		1018
object	AimlabSeasonTask	modeId	Float!		1019
object	AimlabSeasonTask	category	String!		1020
object	AimlabSeasonTask	maxScore	Float!		1021
object	AimlabSeasonTaskUserProgress	task	AimlabSeasonTask!		1025
object	AimlabSeasonTaskUserProgress	playManifest	PlayManifest		1026
object	AimlabSeasonUserProgress	seasonId	ID!		1030
object	AimlabSeasonUserProgress	userId	ID!		1031
object	AimlabSeasonUserProgress	progressType	SeasonalProgressType!		1032
object	AimlabSeasonUserProgress	progress	[AimlabSeasonTaskUserProgress!]!		1033
object	AimlabSkillScore	name	String!		1037
object	AimlabSkillScore	score	Float!		1038
object	AimlabsPlusSubscriptionStatus	tier	AimlabsPlusTier!		1042
object	AimlabsPlusSubscriptionStatus	expiresAt	DateTime!		1043
object	AimlabsPlusSubscriptionStatus	source	String!		1044
object	AimlabsPlusSubscriptionStatus	isActive	Boolean!		1045
object	AimlabsPlusTier	level	Int!		1049
object	AimlabsPlusTier	label	String!		1050
object	AimlabTask	app_id	String!		1054
object	AimlabTask	id	String!		1055
object	AimlabTask	slug	String!		1056
object	AimlabTask	mode	Float!		1057
object	AimlabTask	version	Float!		1058
object	AimlabTask	schema	String!		1059
object	AimlabTask	name	String		1060
object	AimlabTask	description	String		1061
object	AimlabTask	image_url	String		1062
object	AimlabTask	author_id	String		1063
object	AimlabTask	asset_id	String		1064
object	AimlabTask	skill_id	String		1065
object	AimlabTask	skillId	String		1066
object	AimlabTask	weapon_id	String		1067
object	AimlabTask	config	JSONObject		1068
object	AimlabTask	is_active	Boolean!		1069
object	AimlabTask	isActive	Boolean!		1070
object	AimlabTask	is_ugc	Boolean!		1071
object	AimlabTask	can_recommend	Boolean!		1072
object	AimlabTask	created_at	DateTime		1073
object	AimlabTask	updated_at	DateTime		1074
object	AimlabTask	asset	TaskAsset		1075
object	AimlabTask	workshop_id	String		1076
object	AimlabTask	author	User		1077
input	AimlabTaskFetchInput	app_id	String!		1081
input	AimlabTaskFetchInput	id	String!		1082
input	AimlabTaskFetchInput	mode	Float!		1083
input	AimlabTaskFetchInput	version	Float!		1084
input	AimlabTaskInput	app_id	String!		1088
input	AimlabTaskInput	id	String!		1089
input	AimlabTaskInput	mode	Float!		1090
input	AimlabTaskInput	version	Float!		1091
input	AimlabTaskInput	schema	String!		1092
input	AimlabTaskInput	name	String		1093
input	AimlabTaskInput	description	String		1094
input	AimlabTaskInput	image_url	String		1095
input	AimlabTaskInput	author_id	String		1096
input	AimlabTaskInput	asset_id	String		1097
input	AimlabTaskInput	skill_id	String		1098
input	AimlabTaskInput	weapon_id	String		1099
input	AimlabTaskInput	config	JSONObject		1100
input	AimlabTaskInput	is_active	Boolean		1101
input	AimlabTaskInput	is_ugc	Boolean		1102
input	AimlabTaskInput	can_recommend	Boolean		1103
input	AimlabTaskInput	created_at	DateTime		1104
input	AimlabTaskInput	updated_at	DateTime		1105
object	AimlabTaskStats	averageScore	Float!		1109
object	AimlabTaskStats	playCount	Int!		1110
object	AimlabTaskStats	task	AimlabTask		1111
object	AimlabTaskStats	topScore	Float!		1112
object	AimlabTraining	stats	AimlabTrainingStats!	year: Float!	1116
object	AimlabTraining	taskStats	AimlabTrainingTaskStats!	year: Float!, taskMode: Float!, taskId: String!	1117
object	AimlabTraining	mostConsecutiveDaysPlayed	TrainingStreak	endDate: DateTime, startDate: DateTime	1118
object	AimlabTraining	mostConsecutiveWeeksPlayed	TrainingStreak	endDate: DateTime, startDate: DateTime	1119
object	AimlabTraining	mostConsecutiveMonthsPlayed	TrainingStreak	endDate: DateTime, startDate: DateTime	1120
object	AimlabTrainingStats	plays	PercentileStats		1124
object	AimlabTrainingStats	kills	PercentileStats		1125
object	AimlabTrainingTaskStats	plays	PercentileStats		1129
object	AimlabTrainingTaskStats	kills	PercentileStats		1130
input	AimlabUserAudioSettingsInput	masterVolume	Float!		1134
input	AimlabUserAudioSettingsInput	musicVolume	Float!		1135
input	AimlabUserAudioSettingsInput	videoVolume	Float!		1136
input	AimlabUserAudioSettingsInput	gunshotVolume	Float!		1137
input	AimlabUserAudioSettingsInput	enemyGunshotVolume	Float!		1138
input	AimlabUserAudioSettingsInput	hitSoundVolume	Float!		1139
input	AimlabUserAudioSettingsInput	hitSoundName	String!		1140
input	AimlabUserAudioSettingsInput	hitSoundPath	String!		1141
input	AimlabUserAudioSettingsInput	missSoundVolume	Float		1142
input	AimlabUserAudioSettingsInput	missSoundName	String		1143
input	AimlabUserAudioSettingsInput	missSoundPath	String		1144
input	AimlabUserAudioSettingsInput	spawnSoundVolume	Float		1145
input	AimlabUserAudioSettingsInput	spawnSoundName	String		1146
input	AimlabUserAudioSettingsInput	spawnSoundPath	String		1147
input	AimlabUserAudioSettingsInput	backgroundMusic	Int!		1148
input	AimlabUserAudioSettingsInput	paceBasedPitch	Boolean!		1149
input	AimlabUserControlSettingsInput	gameProfile	String!		1153
input	AimlabUserControlSettingsInput	gameProfileNested	String!		1154
input	AimlabUserControlSettingsInput	gameUnits	Int!		1155
input	AimlabUserControlSettingsInput	gameExtraDropdown1	Int!		1156
input	AimlabUserControlSettingsInput	gameExtraDropdown2	Int!		1157
input	AimlabUserControlSettingsInput	gameExtraDropdown3	Int!		1158
input	AimlabUserControlSettingsInput	mouseSensitivityX	Float!		1159
input	AimlabUserControlSettingsInput	mouseSensitivityY	Float!		1160
input	AimlabUserControlSettingsInput	fieldOfView	Float!		1161
input	AimlabUserControlSettingsInput	lookIncrement	String!		1162
input	AimlabUserControlSettingsInput	lookVertFov	String!		1163
input	AimlabUserControlSettingsInput	lookExtraDropdown1	Int!		1164
input	AimlabUserControlSettingsInput	lookExtraDropdown2	Int!		1165
input	AimlabUserControlSettingsInput	lookExtraDropdown3	Int!		1166
input	AimlabUserControlSettingsInput	lookExtraSlider1	String!		1167
input	AimlabUserControlSettingsInput	lookExtraSlider2	String!		1168
input	AimlabUserControlSettingsInput	lookExtraSlider3	String!		1169
input	AimlabUserControlSettingsInput	zoomProfile	String!		1170
input	AimlabUserControlSettingsInput	aDSMouseSensitivityX	Float!		1171
input	AimlabUserControlSettingsInput	aDSMouseSensitivityY	Float!		1172
input	AimlabUserControlSettingsInput	aDSFieldOfView	Float!		1173
input	AimlabUserControlSettingsInput	zoomIncrement	String!		1174
input	AimlabUserControlSettingsInput	zoomIncrementUnclamped	String!		1175
input	AimlabUserControlSettingsInput	zoomVertFov	String!		1176
input	AimlabUserControlSettingsInput	zoomExtraDropdown1	Int!		1177
input	AimlabUserControlSettingsInput	zoomExtraDropdown2	Int!		1178
input	AimlabUserControlSettingsInput	zoomExtraDropdown3	Int!		1179
input	AimlabUserControlSettingsInput	zoomExtraSlider1	String!		1180
input	AimlabUserControlSettingsInput	zoomExtraSlider2	String!		1181
input	AimlabUserControlSettingsInput	zoomExtraSlider3	String!		1182
input	AimlabUserControlSettingsInput	inputSource	Int!		1183
input	AimlabUserControlSettingsInput	inputYAxisInvert	Int!		1184
input	AimlabUserControlSettingsInput	inputYAxisRatio	Int!		1185
input	AimlabUserControlSettingsInput	inputYAxisGain	String!		1186
input	AimlabUserControlSettingsInput	mouseCounts	Int!		1187
input	AimlabUserControlSettingsInput	mouseSmoothingEnabled	Int!		1188
input	AimlabUserControlSettingsInput	mouseSmoothingSteps	Int!		1189
input	AimlabUserControlSettingsInput	mouseSmoothingWeight	Float!		1190
input	AimlabUserControlSettingsInput	controllerCurveMode	Int!		1191
input	AimlabUserControlSettingsInput	controllerDeadZonePreset	Int!		1192
input	AimlabUserControlSettingsInput	controllerDeadZone	Float!		1193
input	AimlabUserControlSettingsInput	gameProfileFilter	Int!		1194
input	AimlabUserControlSettingsInput	lookConversion	Int!		1195
input	AimlabUserControlSettingsInput	zoomConversion	Int!		1196
input	AimlabUserControlSettingsInput	convertFromCircumference	String!		1197
input	AimlabUserControlSettingsInput	convertFromAngleOfView	String!		1198
input	AimlabUserControlSettingsInput	lookMonitorDistance	String!		1199
input	AimlabUserControlSettingsInput	zoomMonitorDistance	String!		1200
input	AimlabUserControlSettingsInput	distanceUnits	Int!		1201
input	AimlabUserControlSettingsInput	sensitivityOptions	Int!		1202
input	AimlabUserControlSettingsInput	fieldOfViewOptions	Int!		1203
input	AimlabUserCrosshairSettingsInput	crosshairColor	AimlabUserSettingsColorInput!		1207
input	AimlabUserCrosshairSettingsInput	currentCrosshair	Float!		1208
input	AimlabUserCrosshairSettingsInput	leftAnchor	AimlabUserSettingsCrosshairDimensionDataInput!		1209
input	AimlabUserCrosshairSettingsInput	rightAnchor	AimlabUserSettingsCrosshairDimensionDataInput!		1210
input	AimlabUserCrosshairSettingsInput	topAnchor	AimlabUserSettingsCrosshairDimensionDataInput!		1211
input	AimlabUserCrosshairSettingsInput	bottomAnchor	AimlabUserSettingsCrosshairDimensionDataInput!		1212
input	AimlabUserCrosshairSettingsInput	circleRadius	Float!		1213
input	AimlabUserCrosshairSettingsInput	centerGap	Float!		1214
input	AimlabUserCrosshairSettingsInput	outlineOpacity	Float!		1215
input	AimlabUserCrosshairSettingsInput	dotSize	Float!		1216
input	AimlabUserCrosshairSettingsInput	length	Float!		1217
input	AimlabUserCrosshairSettingsInput	thickness	Float!		1218
input	AimlabUserCrosshairSettingsInput	customSizeScalar	Float!		1219
input	AimlabUserGameSettingsInput	language	String!		1223
input	AimlabUserGameSettingsInput	localeID	String!		1224
input	AimlabUserGameSettingsInput	showHUD	Boolean!		1225
input	AimlabUserGameSettingsInput	countdownDuration	Int!		1226
input	AimlabUserGameSettingsInput	defaultCameraPOVTo3rdPerson	Boolean!		1227
input	AimlabUserGameSettingsInput	weaponRecoilEnabled	Boolean!		1228
input	AimlabUserGameSettingsInput	adsCameraSwayEnabled	Boolean!		1229
input	AimlabUserGameSettingsInput	showWeapon	Boolean!		1230
input	AimlabUserGameSettingsInput	useHolographic	Boolean!		1231
input	AimlabUserGameSettingsInput	isLeftHanded	Boolean!		1232
input	AimlabUserGameSettingsInput	fovScale	Boolean!		1233
input	AimlabUserGameSettingsInput	target	AimlabUserSettingsTargetDisplayDataInput!		1234
input	AimlabUserGameSettingsInput	missTarget	AimlabUserSettingsTargetDisplayDataInput!		1235
input	AimlabUserGameSettingsInput	hitTarget	AimlabUserSettingsTargetDisplayDataInput!		1236
input	AimlabUserGameSettingsInput	isFirstSession	Int!		1237
input	AimlabUserGameSettingsInput	initialSessionId	String		1238
input	AimlabUserGameSettingsInput	isFTUETask	Int!		1239
input	AimlabUserGraphicsSettingsInput	screenHeight	Int!		1243
input	AimlabUserGraphicsSettingsInput	screenWidth	Int!		1244
input	AimlabUserGraphicsSettingsInput	refreshRate	Int!		1245
input	AimlabUserGraphicsSettingsInput	displayMode	Int!		1246
input	AimlabUserGraphicsSettingsInput	fullscreen	Boolean!		1247
input	AimlabUserGraphicsSettingsInput	displayStretchingRatio	String!		1248
input	AimlabUserGraphicsSettingsInput	maxQueuedFrames	Int!		1249
input	AimlabUserGraphicsSettingsInput	useMaxFPS	Boolean!		1250
input	AimlabUserGraphicsSettingsInput	fPSLimit	Int!		1251
input	AimlabUserGraphicsSettingsInput	fPSLimitUI	Int!		1252
input	AimlabUserGraphicsSettingsInput	graphicsQualityIndex	Int!		1253
input	AimlabUserGraphicsSettingsInput	graphicsQuality	Float!		1254
input	AimlabUserGraphicsSettingsInput	postProcessingFX	Boolean!		1255
input	AimlabUserGraphicsSettingsInput	muzzleFlashFX	Boolean!		1256
input	AimlabUserGraphicsSettingsInput	shellCasingFX	Boolean!		1257
input	AimlabUserGraphicsSettingsInput	bulletImpactFX	Boolean!		1258
input	AimlabUserGraphicsSettingsInput	playerDamageFX	Boolean!		1259
input	AimlabUserGraphicsSettingsInput	targetDestructionFX	Boolean!		1260
input	AimlabUserGraphicsSettingsInput	dropdownPosition	Int!		1261
input	AimlabUserGrayboxSettingsInput	grayboxMat	String!		1265
input	AimlabUserGrayboxSettingsInput	grayboxR	Float!		1266
input	AimlabUserGrayboxSettingsInput	grayboxG	Float!		1267
input	AimlabUserGrayboxSettingsInput	grayboxB	Float!		1268
input	AimlabUserGrayboxSettingsInput	sphereboxTexture	String!		1269
input	AimlabUserGrayboxSettingsInput	sphereboxThumbnail	String!		1270
input	AimlabUserGrayboxSettingsInput	grayboxCustomSettings	[String!]!		1271
input	AimlabUserKeybindingSettingsInput	toggleCrouchEnabled	Boolean!		1275
input	AimlabUserKeybindingSettingsInput	toggleLeanEnabled	Boolean!		1276
input	AimlabUserKeybindingSettingsInput	toggleZoomEnabled	Boolean!		1277
input	AimlabUserKeybindingSettingsInput	attackKeyBind	String!		1278
input	AimlabUserKeybindingSettingsInput	zoomKeyBind	String!		1279
input	AimlabUserKeybindingSettingsInput	reloadKeyBind	String!		1280
input	AimlabUserKeybindingSettingsInput	jumpKeyBind	String!		1281
input	AimlabUserKeybindingSettingsInput	crouchKeyBind	String!		1282
input	AimlabUserKeybindingSettingsInput	runKeyBind	String!		1283
input	AimlabUserKeybindingSettingsInput	forwardkBind	String!		1284
input	AimlabUserKeybindingSettingsInput	backwardBind	String!		1285
input	AimlabUserKeybindingSettingsInput	leftBind	String!		1286
input	AimlabUserKeybindingSettingsInput	rightBind	String!		1287
input	AimlabUserKeybindingSettingsInput	leanLeftBind	String!		1288
input	AimlabUserKeybindingSettingsInput	leanRightBind	String!		1289
input	AimlabUserKeybindingSettingsInput	bindDetection	String!		1290
input	AimlabUserKeybindingSettingsInput	bindPerspective	String!		1291
input	AimlabUserOtherSettingsInput	firstLogin	Int!		1295
input	AimlabUserOtherSettingsInput	setupComplete	Int!		1296
input	AimlabUserOtherSettingsInput	prefsVersion	Int!		1297
input	AimlabUserOtherSettingsInput	mapChoice	String!		1298
input	AimlabUserOtherSettingsInput	weaponsConfig	String!		1299
input	AimlabUserOtherSettingsInput	weaponChoice	String!		1300
input	AimlabUserOtherSettingsInput	playerWeaponChoice	String!		1301
input	AimlabUserOtherSettingsInput	userItems	String!		1302
input	AimlabUserOtherSettingsInput	alreadySetDiscordSettings	Int!		1303
input	AimlabUserOtherSettingsInput	founderIndicatorShowed	Int!		1304
input	AimlabUserOtherSettingsInput	combineTaskIndex	Int!		1305
input	AimlabUserOtherSettingsInput	playPipVideos	Int!		1306
input	AimlabUserOtherSettingsInput	compete	Int!		1307
input	AimlabUserOtherSettingsInput	rememberMe	Int!		1308
input	AimlabUserOtherSettingsInput	exportDataPath	String!		1309
input	AimlabUserOtherSettingsInput	useInvariantCulture	Int!		1310
input	AimlabUserOtherSettingsInput	uploadCooldown	String!		1311
input	AimlabUserOtherSettingsInput	extraProfiles	String!		1312
input	AimlabUserOtherSettingsInput	didResetKeybindingToDefault	Int!		1313
input	AimlabUserOtherSettingsInput	lastEmail	String		1314
input	AimlabUserOtherSettingsInput	eventId	[String!]!		1315
object	AimlabUserRank	rank	AimlabRank!		1319
object	AimlabUserRank	score	Float!		1320
object	AimlabUserRank	skill	Float!		1321
object	AimlabUserRankScore	achievedAt	DateTime!		1325
object	AimlabUserRankScore	score	Float!		1326
object	AimlabUserRankSkill	type	String!		1330
object	AimlabUserRankSkill	rank	AimlabRank!		1331
object	AimlabUserRankSkill	highestScore	AimlabUserRankScore!		1332
object	AimlabUserRankSkill	latestScores	[AimlabUserRankScore!]!		1333
input	AimlabUserSettingsColorInput	r	Float!		1337
input	AimlabUserSettingsColorInput	g	Float!		1338
input	AimlabUserSettingsColorInput	b	Float!		1339
input	AimlabUserSettingsColorInput	a	Float!		1340
input	AimlabUserSettingsCrosshairDimensionDataInput	Anchor	UserSettingsVectorInput!		1344
input	AimlabUserSettingsCrosshairDimensionDataInput	Delta	UserSettingsVectorInput!		1345
input	AimlabUserSettingsInput	audioSettings	AimlabUserAudioSettingsInput!		1349
input	AimlabUserSettingsInput	graphicsSettings	AimlabUserGraphicsSettingsInput!		1350
input	AimlabUserSettingsInput	gameSettings	AimlabUserGameSettingsInput!		1351
input	AimlabUserSettingsInput	crosshairSettings	AimlabUserCrosshairSettingsInput!		1352
input	AimlabUserSettingsInput	keybindingSettings	AimlabUserKeybindingSettingsInput!		1353
input	AimlabUserSettingsInput	controlSettings	AimlabUserControlSettingsInput!		1354
input	AimlabUserSettingsInput	grayboxSettings	AimlabUserGrayboxSettingsInput!		1355
input	AimlabUserSettingsInput	otherSettings	AimlabUserOtherSettingsInput!		1356
input	AimlabUserSettingsTargetDisplayDataInput	TargetColor	AimlabUserSettingsColorInput!		1360
input	AimlabUserSettingsTargetDisplayDataInput	TargetSkinType	Float!		1361
object	AIMLCommunityQuestion	id	ID!		1365
object	AIMLCommunityQuestion	message	AIMLConversationMessage!		1366
object	AIMLCommunityQuestion	questionText	String		1367
object	AIMLCommunityQuestion	responseText	String!		1368
object	AIMLCommunityQuestionConnection	edges	[AIMLCommunityQuestionEdge]		1372
object	AIMLCommunityQuestionConnection	pageInfo	ConnectionPageInfo!		1375
object	AIMLCommunityQuestionConnection	totalCount	Int!		1378
object	AIMLCommunityQuestionEdge	node	AIMLCommunityQuestion!		1383
object	AIMLCommunityQuestionEdge	cursor	String!		1386
input	AIMLCommunityQuestionFetchPageInput	page	Int!		1391
input	AIMLCommunityQuestionFetchPageInput	pageSize	Int!		1392
object	AIMLConversation	id	String!		1396
object	AIMLConversation	createdAt	DateTime!		1397
object	AIMLConversation	promptSchema	AIMLPromptSchema!		1398
object	AIMLConversation	user	User!		1399
object	AIMLConversation	messages	[AIMLConversationMessage!]!		1400
object	AIMLConversation	relatedMessage	AIMLConversationMessage		1401
object	AIMLConversationConnection	edges	[AIMLConversationEdge]		1405
object	AIMLConversationConnection	pageInfo	ConnectionPageInfo!		1408
object	AIMLConversationConnection	totalCount	Int!		1411
object	AIMLConversationEdge	node	AIMLConversation!		1416
object	AIMLConversationEdge	cursor	String!		1419
object	AIMLConversationMessage	id	String!		1424
object	AIMLConversationMessage	createdAt	DateTime!		1425
object	AIMLConversationMessage	userText	String		1426
object	AIMLConversationMessage	promptRequests	[String!]!		1427
object	AIMLConversationMessage	promptResponse	String!		1428
object	AIMLConversationMessage	promptResponses	[String!]!		1429
object	AIMLConversationMessage	redactedUserText	String		1430
object	AIMLConversationMessage	redactedPromptResponse	String!		1431
object	AIMLConversationMessage	redactedPromptResponses	[String!]!		1432
object	AIMLConversationMessage	isCommunityQuestion	Boolean!		1433
object	AIMLConversationMessage	communityQuestionOrder	Int		1434
object	AIMLConversationMessage	provenances	[AIMLProvenance!]!		1435
object	AIMLConversationMessage	conversation	AIMLConversation!		1436
object	AIMLConversationMessageConnection	edges	[AIMLConversationMessageEdge]		1440
object	AIMLConversationMessageConnection	pageInfo	ConnectionPageInfo!		1443
object	AIMLConversationMessageConnection	totalCount	Int!		1446
object	AIMLConversationMessageEdge	node	AIMLConversationMessage!		1451
object	AIMLConversationMessageEdge	cursor	String!		1454
input	AIMLConversationOptions	relatedMessageId	ID		1459
input	AIMLConversationTemplateInput	role	String!		1463
input	AIMLConversationTemplateInput	content	String!		1464
input	AIMLModelSettings	temperature	Float!		1468
input	AIMLModelSettings	stop	[String!]!		1469
input	AIMLModelSettings	presence_penalty	Float!		1470
input	AIMLModelSettings	frequency_penalty	Float!		1471
input	AIMLModelSettings	max_tokens	Int!		1472
object	AIMLPromptLayer	id	String!		1476
object	AIMLPromptLayer	createdAt	DateTime!		1477
object	AIMLPromptLayer	updatedAt	DateTime		1478
object	AIMLPromptLayer	promptTemplate	String!		1479
object	AIMLPromptLayer	conversationTemplate	[JSONObject!]!		1480
object	AIMLPromptLayer	model	String!		1481
object	AIMLPromptLayer	conversationalMemory	Int!		1482
object	AIMLPromptLayer	modelSettings	JSONObject!		1483
object	AIMLPromptLayer	responseEnum	[String!]!		1484
object	AIMLPromptLayer	responseEnumDefault	String		1485
object	AIMLPromptLayer	assignments	[AIMLPromptLayerAssignment!]!		1486
object	AIMLPromptLayerAssignment	promptSchemaId	String!		1490
object	AIMLPromptLayerAssignment	promptLayerId	String!		1491
object	AIMLPromptLayerAssignment	position	Int!		1492
object	AIMLPromptLayerAssignment	runCondition	AIMLPromptLayerRunCondition		1493
object	AIMLPromptLayerAssignment	createdAt	DateTime!		1494
object	AIMLPromptLayerAssignment	parentLayerConditionalValue	String		1495
object	AIMLPromptLayerAssignment	layer	AIMLPromptLayer!		1496
input	AIMLPromptLayerAssignmentInput	position	Int!		1500
input	AIMLPromptLayerAssignmentInput	runCondition	AIMLPromptLayerRunCondition		1501
input	AIMLPromptLayerAssignmentInput	parentLayerConditionalValue	String		1502
input	AIMLPromptLayerInput	promptTemplate	String!		1506
input	AIMLPromptLayerInput	model	String!		1507
input	AIMLPromptLayerInput	modelSettings	AIMLModelSettings!		1508
input	AIMLPromptLayerInput	conversationTemplate	[AIMLConversationTemplateInput!]		1509
input	AIMLPromptLayerInput	responseEnum	[String!]!		1510
input	AIMLPromptLayerInput	responseEnumDefault	String		1511
input	AIMLPromptLayerInput	conversationalMemory	Int		1513
enum	AIMLPromptLayerRunCondition	unprompted			1520
enum	AIMLPromptLayerRunCondition	response			1521
enum	AIMLPromptLayerRunCondition	parent			1522
object	AIMLPromptSchema	id	String!		1526
object	AIMLPromptSchema	createdAt	DateTime!		1527
object	AIMLPromptSchema	updatedAt	DateTime		1528
object	AIMLPromptSchema	public	Boolean!		1529
object	AIMLPromptSchema	layers	[AIMLPromptLayer!]!	runCondition: AIMLPromptLayerRunCondition	1530
object	AIMLPromptSchema	assignments	[AIMLPromptLayerAssignment!]!		1531
input	AIMLPromptSchemaEditInput	public	Boolean!		1535
object	AIMLProvenance	id	String!		1539
object	AIMLProvenance	type	AIMLProvenanceEmbeddingType!		1540
object	AIMLProvenance	originUrl	String		1541
object	AIMLProvenance	originTimestamp	Float		1542
object	AIMLProvenance	metadata	JSONObject!		1543
object	AIMLProvenance	confidence	Float!		1544
enum	AIMLProvenanceEmbeddingType	article			1548
enum	AIMLProvenanceEmbeddingType	lesson			1549
enum	AIMLProvenanceEmbeddingType	unpublished			1550
enum	AIMLProvenanceEmbeddingType	other			1551
object	AIMLReport	id	String!		1555
object	AIMLReport	createdAt	DateTime!		1556
object	AIMLReport	positive	Boolean!		1557
object	AIMLReport	reportText	String		1558
object	AIMLReport	conversationMessage	AIMLConversationMessage!		1559
object	AIMLUsage	user	User!		1563
object	AIMLUsage	resetAt	DateTime!		1564
object	AIMLUsage	limit	Int!		1565
object	AIMLUsage	usageRemaining	Int!		1566
input	AnalyticsPayload	pauses	[PlayPauseRecord!]!		1570
input	AnalyticsPayload	playerMovementData	[PlayEntityNullablePose!]!		1571
input	AnalyticsPayload	shotData	PlayShotData!		1572
input	AnalyticsPayload	targetData	[PlayTarget!]!		1573
input	AnalyticsPayload	eventData	[PlayEvent!]!		1574
input	AnalyticsPayload	customData	JSONObject		1575
input	AnswerSurveyQuestionInput	userSurveyId	String!		1579
input	AnswerSurveyQuestionInput	questionId	String!		1580
input	AnswerSurveyQuestionInput	questionText	String!		1581
input	AnswerSurveyQuestionInput	responseText	String!		1582
input	AnswerSurveyQuestionInput	meta	JSONObject!		1583
object	ApiClient	clientId	String!		1587
object	ApiClient	clientSecret	String!		1588
object	ApiClient	name	String!		1589
object	ApiClient	email	String!		1590
object	ApiClient	isActive	Boolean!		1591
object	ApiClient	rateLimit	Int		1592
object	ApiClient	grantTypes	[String!]!		1593
object	ApiClient	redirectUris	[String!]!		1594
object	ApiClient	scopes	[String!]!		1595
object	ApiClient	responseTypes	[String!]!		1596
object	ApiClient	tokenEndpointAuthMethod	String		1597
object	ApiClient	firstParty	Boolean!		1598
input	ApiClientInput	name	String!		1602
input	ApiClientInput	email	String!		1603
input	ApiClientInput	isActive	Boolean!		1604
input	ApiClientInput	grantTypes	[String!]!		1605
input	ApiClientInput	redirectUris	[String!]!		1606
input	ApiClientInput	scopes	[String!]!		1607
input	ApiClientInput	responseTypes	[String!]		1608
input	ApiClientInput	tokenEndpointAuthMethod	String		1609
input	ApiClientInput	firstParty	Boolean!		1610
enum	App	BRAINLAB			1614
enum	App	AIMLAB			1615
enum	App	AIMLAB_XBX			1616
enum	App	AIMLAB_XBOX			1617
enum	App	AIMLAB_PS			1618
enum	App	AIMLAB_MOBILE			1619
object	AppVersion	marketing	String!		1623
object	AppVersion	id	App!		1624
object	AppVersion	version	String!		1625
object	Asset	id	ID!		1629
object	Asset	creatorId	String		1630
object	Asset	url	String!		1631
object	Asset	type	AssetType!		1632
enum	AssetType	playlist			1636
enum	AssetType	task			1637
enum	AssetType	weapon_skin			1638
object	Author	authorId	String!		1642
object	Author	id	String!		1643
object	Author	authorUsername	String		1644
object	Author	username	String		1645
object	Author	d7Users	Float		1646
object	Author	d7Plays	Float		1647
object	Author	d30Users	Float		1648
object	Author	d30Plays	Float		1649
object	Author	lifetimeUsers	Float		1650
object	Author	lifetimePlays	Float		1651
object	Author	tasks	[AuthorTask!]	offset: Int!, limit: Int!	1652
object	AuthorTask	taskId	String		1656
object	AuthorTask	id	String!		1657
object	AuthorTask	taskName	String		1658
object	AuthorTask	name	String		1659
object	AuthorTask	taskDescription	String		1660
object	AuthorTask	description	String		1661
object	AuthorTask	taskImageUrl	String		1662
object	AuthorTask	imageUrl	String		1663
object	AuthorTask	d7Users	Float		1664
object	AuthorTask	d7Plays	Float		1665
object	AuthorTask	d30Users	Float		1666
object	AuthorTask	d30Plays	Float		1667
object	AuthorTask	lifetimeUsers	Float		1668
object	AuthorTask	lifetimePlays	Float		1669
object	Avatar	slug	String!		1673
object	AvroSchema	version	SemVer!		1677
object	AvroSchema	clientId	String!		1678
object	AvroSchema	description	String		1679
object	AvroSchema	schema	JSONObject!		1680
object	AvroSchema	createdAt	DateTime!		1681
input	AvroSchemaInput	version	SemVer!		1685
input	AvroSchemaInput	clientId	App!		1686
input	AvroSchemaInput	description	String		1687
input	AvroSchemaInput	schema	JSONObject!		1688
object	Badge	slug	String!		1692
object	BattlePass	id	String!		1696
object	BattlePass	active	Boolean		1697
object	BattlePass	appId	String!		1698
object	BattlePass	playfabId	String!		1700
object	BattlePass	name	String		1702
object	BattlePass	description	String		1703
object	BattlePass	startDate	DateTime		1704
object	BattlePass	endDate	DateTime		1705
object	BattlePass	tiers	[BattlePassTier!]!		1706
object	BattlePass	rewards	[BattlePassReward!]!		1707
input	BattlePassInput	active	Boolean		1711
input	BattlePassInput	appId	String!		1712
input	BattlePassInput	playfabId	String!		1713
input	BattlePassInput	name	String		1714
input	BattlePassInput	description	String		1715
input	BattlePassInput	startDate	DateTime		1716
input	BattlePassInput	endDate	DateTime		1717
object	BattlePassReward	id	String!		1721
object	BattlePassReward	playfabItemId	String		1723
object	BattlePassReward	premium	Boolean		1727
object	BattlePassReward	battlePassId	String!		1728
object	BattlePassReward	tierId	String!		1729
object	BattlePassReward	type	BattlePassRewardType!		1730
object	BattlePassReward	amount	Float		1731
input	BattlePassRewardInput	battlePassId	String!		1735
input	BattlePassRewardInput	tierId	String!		1736
input	BattlePassRewardInput	premium	Boolean		1737
input	BattlePassRewardInput	type	BattlePassRewardType!		1738
input	BattlePassRewardInput	playfabItemId	String		1739
input	BattlePassRewardInput	amount	Float		1740
enum	BattlePassRewardType	ITEM			1745
enum	BattlePassRewardType	HARDCURRENCY			1746
enum	BattlePassRewardType	SOFTCURRENCY			1747
enum	BattlePassRewardType	XP			1748
object	BattlePassTier	id	String!		1752
object	BattlePassTier	battlePassId	String!		1753
object	BattlePassTier	requiredXp	Float!		1755
object	BattlePassTier	name	String		1760
object	BattlePassTier	description	String		1761
object	BattlePassTier	battlepass	BattlePass!		1762
object	BattlePassTier	rewards	[BattlePassReward!]!		1763
input	BattlePassTierInput	battlePassId	String!		1767
input	BattlePassTierInput	requiredXp	Float!		1768
input	BattlePassTierInput	name	String		1769
input	BattlePassTierInput	description	String		1770
object	Benchmark	id	ID!		1774
object	Benchmark	published	Boolean!		1775
object	Benchmark	admins	[String!]!		1776
object	Benchmark	name	String!		1777
object	Benchmark	theme	Theme!		1779
object	Benchmark	aboutTitle	String		1783
object	Benchmark	aboutDescription	String		1784
object	Benchmark	thumbnail	String		1785
object	Benchmark	background	String		1787
object	Benchmark	playercardBackground	String		1792
object	Benchmark	playercard	String		1797
object	Benchmark	wideLogo	String		1800
object	Benchmark	icon	String		1803
object	Benchmark	infoUrl	String		1806
object	Benchmark	socials	BenchmarkSocials!		1808
object	Benchmark	unranked	BenchmarkRank!		1809
object	Benchmark	sections	[BenchmarkSection!]!		1811
object	Benchmark	tiers	[BenchmarkTier!]!		1816
object	Benchmark	createBenchmarkSection	BenchmarkSection!	benchmarkSectionInput: BenchmarkSectionInput!	1821
object	Benchmark	editBenchmarkSection	BenchmarkSection!	benchmarkSectionInput: BenchmarkSectionInput!, benchmarkSectionId: ID!	1822
object	Benchmark	createBenchmarkTier	BenchmarkTier!	benchmarkTierInput: BenchmarkTierInput!	1823
object	Benchmark	editBenchmarkTier	BenchmarkTier!	benchmarkTierInput: EditBenchmarkTierInput!, tier: Int!	1824
object	Benchmark	createBenchmarkTask	BenchmarkTask!	benchmarkTaskInput: BenchmarkTaskInput!	1825
object	Benchmark	editBenchmarkTask	BenchmarkTask!	benchmarkTaskInput: EditBenchmarkTaskInput!, benchmarkTaskId: ID!	1826
object	Benchmark	addAdmin	User!	userId: ID!	1827
object	Benchmark	removeAdmin	User!	userId: ID!	1828
input	BenchmarkInput	published	Boolean		1832
input	BenchmarkInput	name	String!		1833
input	BenchmarkInput	theme	ThemeInput!		1834
input	BenchmarkInput	aboutTitle	String		1835
input	BenchmarkInput	aboutDescription	String		1836
input	BenchmarkInput	thumbnail	String		1837
input	BenchmarkInput	background	String		1838
input	BenchmarkInput	playercardBackground	String		1839
input	BenchmarkInput	playercard	String		1840
input	BenchmarkInput	wideLogo	String		1841
input	BenchmarkInput	icon	String		1842
input	BenchmarkInput	infoUrl	String		1843
input	BenchmarkInput	socials	BenchmarkSocialsInput		1844
input	BenchmarkInput	unranked	BenchmarkRankInput!		1845
object	BenchmarkPerformance	benchmark	Benchmark!		1849
object	BenchmarkPerformance	user	User!		1850
object	BenchmarkPerformance	tasks	[BenchmarkTaskPerformance!]!		1851
object	BenchmarkPerformance	sections	[BenchmarkSectionPerformance!]!		1852
object	BenchmarkPerformance	rank	BenchmarkRank!		1854
object	BenchmarkRank	name	String!		1859
object	BenchmarkRank	color	String!		1861
object	BenchmarkRank	rankPoints	Int!		1864
object	BenchmarkRank	threshold	Int!		1869
object	BenchmarkRank	tier	BenchmarkTier		1873
input	BenchmarkRankInput	name	String!		1877
input	BenchmarkRankInput	color	String!		1878
input	BenchmarkRankInput	rankPoints	Float!		1879
input	BenchmarkRankInput	threshold	Float!		1880
object	BenchmarkSection	id	ID!		1887
object	BenchmarkSection	name	String!		1888
object	BenchmarkSection	color	String!		1890
object	BenchmarkSection	benchmark	Benchmark!		1893
input	BenchmarkSectionInput	name	String!		1898
input	BenchmarkSectionInput	color	String!		1899
object	BenchmarkSectionPerformance	section	BenchmarkSection!		1903
object	BenchmarkSectionPerformance	score	Float		1904
object	BenchmarkSectionPerformance	rank	BenchmarkRank!		1906
object	BenchmarkSocials	twitter	String		1911
object	BenchmarkSocials	discord	String		1912
object	BenchmarkSocials	instagram	String		1913
object	BenchmarkSocials	tiktok	String		1914
object	BenchmarkSocials	twitch	String		1915
object	BenchmarkSocials	youtube	String		1916
input	BenchmarkSocialsInput	twitter	String		1920
input	BenchmarkSocialsInput	discord	String		1921
input	BenchmarkSocialsInput	instagram	String		1922
input	BenchmarkSocialsInput	tiktok	String		1923
input	BenchmarkSocialsInput	twitch	String		1924
input	BenchmarkSocialsInput	youtube	String		1925
object	BenchmarkTask	id	ID!		1932
object	BenchmarkTask	thresholds	[Int!]!		1934
object	BenchmarkTask	thumbnail	String		1939
object	BenchmarkTask	description	String		1941
object	BenchmarkTask	benchmark	Benchmark!		1943
object	BenchmarkTask	section	BenchmarkSection!		1946
object	BenchmarkTask	tier	BenchmarkTier!		1949
object	BenchmarkTask	csTask	AimlabCSTask!		1952
input	BenchmarkTaskInput	thresholds	[Int!]!		1957
input	BenchmarkTaskInput	tierId	Int!		1958
input	BenchmarkTaskInput	sectionId	String!		1959
input	BenchmarkTaskInput	csTaskId	String!		1960
input	BenchmarkTaskInput	thumbnail	String		1961
input	BenchmarkTaskInput	description	String		1962
object	BenchmarkTaskPerformance	score	Int!		1966
object	BenchmarkTaskPerformance	rank	BenchmarkRank!		1967
object	BenchmarkTaskPerformance	task	BenchmarkTask!		1968
object	BenchmarkTier	tier	Int!		1973
object	BenchmarkTier	name	String!		1974
object	BenchmarkTier	ranks	[BenchmarkRank!]!		1976
object	BenchmarkTier	benchmark	Benchmark!		1979
object	BenchmarkTier	tasks	[BenchmarkTask!]!		1982
input	BenchmarkTierInput	name	String!		1987
input	BenchmarkTierInput	ranks	[BenchmarkRankInput!]		1988
input	BoolCompare	_eq	Boolean		1992
input	BoolCompare	_neq	Boolean		1993
input	BrainlabPlayGridShotPerformanceData	targetsSpawnedTotal	Float!		1997
input	BrainlabPlayGridShotPerformanceData	killsTotal	Float!		1998
input	BrainlabPlayGridShotPerformanceData	shotsTotal	Float!		1999
input	BrainlabPlayGridShotPerformanceData	timeToKillList	[Float!]!		2000
input	BrainlabPlayGridShotPerformanceData	killRate	Float!		2001
input	BrainlabPlayGridShotPerformanceData	killsPerSecond	Float!		2002
input	BrainlabPlayMetaData	taskCompleted	Boolean!		2006
input	BrainlabPlayMetaData	taskMode	String		2007
input	BrainlabPlayMetaData	taskDifficulty	String		2008
input	BrainlabPlayMetaData	inputMethod	String!		2009
input	BrainlabPlayMetaData	aimAssistLevel	Float		2010
input	BrainlabPlayMetaData	taskConfigurationId	String!		2011
input	BrainlabPlayResult	taskName	String!		2015
input	BrainlabPlayResult	taskId	String		2016
input	BrainlabPlayResult	taskVersion	String		2017
input	BrainlabPlayResult	mode	Int		2018
input	BrainlabPlayResult	map	Int		2019
input	BrainlabPlayResult	score	Float!		2020
input	BrainlabPlayResult	startedAt	Timestamp!		2021
input	BrainlabPlayResult	endedAt	Timestamp!		2022
input	BrainlabPlayResult	sentAt	Timestamp!		2023
input	BrainlabPlayResult	app	App!		2024
input	BrainlabPlayResult	appVersion	String!		2025
input	BrainlabPlayResult	studyId	String		2026
input	BrainlabPlayResult	performanceData	JSONObject		2027
input	BrainlabPlayResult	analyticsVersion	String		2028
input	BrainlabPlayResult	steamId	String		2029
input	BrainlabPlayResult	weaponId	String		2030
input	BrainlabPlayResult	modeId	Int		2031
input	BrainlabPlayResult	mapId	Int		2032
input	BrainlabPlayResult	mapVersion	String		2033
input	BrainlabPlayResult	duration	Float		2034
input	BrainlabPlayResult	pauseDuration	Float		2035
input	BrainlabPlayResult	weaponSkin	String		2036
input	BrainlabPlayResult	inputDevice	[InputDevice!]		2037
input	BrainlabPlayResult	isVisible	Boolean		2038
input	BrainlabPlayResult	seasonId	String		2039
input	BrainlabPlayResult	country	String		2040
input	BrainlabPlayResult	region	String		2041
input	BrainlabPlayResult	metaData	BrainlabPlayMetaData!		2042
input	BrainlabPlayResult	analyticsPayload	AnalyticsPayload!		2043
object	BrainlabStudy	id	String!		2047
object	BrainlabStudy	name	String!		2048
object	BrainlabStudy	startDate	DateTime!		2049
object	BrainlabStudy	endDate	DateTime!		2050
object	BrainlabStudy	createdAt	DateTime!		2051
object	BrainlabStudy	createdBy	String!		2052
object	BrainlabStudy	updatedAt	DateTime!		2053
object	BrainlabStudy	updatedBy	String!		2054
object	BrainlabStudy	users	[BrainlabStudyUser!]!		2055
object	BrainlabStudyUser	id	String!		2059
object	BrainlabStudyUser	username	String!		2060
object	BrainlabStudyUser	isActivated	Boolean!		2061
object	BrainlabStudyUser	isAdmin	Boolean!		2062
object	BrainlabUser	username	String!		2066
object	BrainlabUser	password	String		2067
object	BrainlabUser	studyId	String!		2068
object	BrainlabUser	scopes	[String!]!		2069
object	BrainlabUser	isAdmin	Boolean!		2070
object	BrainlabUser	study	BrainlabStudy!		2071
object	BrainlabUser	id	String!		2072
object	BrainlabUserProfile	id	String!		2076
object	BrainlabUserProfile	studyId	String!		2077
object	BrainlabUserProfile	username	String!		2078
object	ButtonTheme	background	SelectableColorBlock!		2082
object	ButtonTheme	text	SelectableColorBlock!		2083
object	ButtonTheme	icon	SelectableColorBlock!		2084
input	ButtonThemeInput	background	SelectableColorBlockInput!		2088
input	ButtonThemeInput	text	SelectableColorBlockInput!		2089
input	ButtonThemeInput	icon	SelectableColorBlockInput!		2090
object	ClaimNextLoginStreakResult	success	Boolean!		2094
object	ClaimNextLoginStreakResult	errors	[MutationError!]!		2095
object	ClaimNextLoginStreakResult	claim	LoginStreakClaim		2096
enum	ClickhouseSide	attacker			2101
enum	ClickhouseSide	defender			2102
enum	ClickhouseSide	none			2103
object	CombineRating	rating	Float!		2107
object	CombineRating	skills	[CombineSkillRating!]!		2108
object	CombineSkillRating	skill	String!		2112
object	CombineSkillRating	metric	String!		2113
object	CombineSkillRating	value	Float!		2114
object	CombineSkillRating	rating	Float!		2115
object	CombineSkillRating	tasks	[CombineTaskRating!]!		2116
object	CombineTaskRating	skill	String!		2120
object	CombineTaskRating	task_id	String!		2121
object	CombineTaskRating	metric	String!		2122
object	CombineTaskRating	value	Float!		2123
object	CombineTaskRating	rating	Float!		2124
object	ConnectionPageInfo	startCursor	String		2129
object	ConnectionPageInfo	endCursor	String		2132
object	ConnectionPageInfo	hasPreviousPage	Boolean		2135
object	ConnectionPageInfo	hasNextPage	Boolean		2138
input	ConsoleAimAssistCenteringConfig	strength	Float!		2143
input	ConsoleAimAssistCenteringConfig	type	Int!		2144
input	ConsoleAimAssistCenteringConfig	enabled	Boolean!		2145
input	ConsoleAimAssistConfig	canChangeAimAssistMode	String!		2149
input	ConsoleAimAssistConfig	targetAimAssistMode	Int!		2150
input	ConsoleAimAssistConfig	aimAssistRaycastType	Int!		2151
input	ConsoleAimAssistConfig	name	String!		2152
input	ConsoleAimAssistConfig	hideFlags	Boolean!		2153
input	ConsoleAimAssistConfig	cameraSpeedConstraints	ConsoleCameraSpeedConstraints!		2154
input	ConsoleAimAssistConfig	response	ConsoleAimAssistResponse!		2155
input	ConsoleAimAssistConfig	deadZone	ConsoleAimAssistDeadZone!		2156
input	ConsoleAimAssistConfig	sensitivity	ConsoleAimAssistSensitivity!		2157
input	ConsoleAimAssistConfig	turnSpeedAcceleration	ConsoleAimAssistTurnSpeedAcceleration!		2158
input	ConsoleAimAssistConfig	frictionConfig	ConsoleAimAssistFrictionConfig!		2159
input	ConsoleAimAssistConfig	magnetismConfig	ConsoleAimAssistMagnetismConfig!		2160
input	ConsoleAimAssistConfig	centeringConfig	ConsoleAimAssistCenteringConfig!		2161
input	ConsoleAimAssistDeadZone	factor	Float!		2165
input	ConsoleAimAssistDeadZone	enabled	Boolean!		2166
input	ConsoleAimAssistFrictionConfig	strength	Float!		2170
input	ConsoleAimAssistFrictionConfig	aimDownStrength	Float!		2171
input	ConsoleAimAssistFrictionConfig	enabled	Boolean!		2172
input	ConsoleAimAssistMagnetismConfig	strength	Float!		2176
input	ConsoleAimAssistMagnetismConfig	forgivenessDegrees	Float!		2177
input	ConsoleAimAssistMagnetismConfig	targetMovingStrength	Float!		2178
input	ConsoleAimAssistMagnetismConfig	targetMovingForgivenessDegrees	Float!		2179
input	ConsoleAimAssistMagnetismConfig	momentumFactor	Float!		2180
input	ConsoleAimAssistMagnetismConfig	momentumTimeScale	Float!		2181
input	ConsoleAimAssistMagnetismConfig	targetMovingMomentumFactor	Float!		2182
input	ConsoleAimAssistMagnetismConfig	targetMovingMomentumTimeScale	Float!		2183
input	ConsoleAimAssistMagnetismConfig	factorDecreaseCurve	ConsoleAimAssistResponseDimension!		2184
input	ConsoleAimAssistMagnetismConfig	enabled	Boolean!		2185
input	ConsoleAimAssistResponse	allowChange	Boolean!		2189
input	ConsoleAimAssistResponse	enabled	Boolean!		2190
input	ConsoleAimAssistResponse	x	ConsoleAimAssistResponseDimension!		2191
input	ConsoleAimAssistResponse	y	ConsoleAimAssistResponseDimension!		2192
input	ConsoleAimAssistResponseDimension	keys	[ConsoleAimAssistResponseDimensionKey!]!		2196
input	ConsoleAimAssistResponseDimension	length	Int!		2197
input	ConsoleAimAssistResponseDimension	preWrapMode	Int!		2198
input	ConsoleAimAssistResponseDimension	postWrapMode	Int!		2199
input	ConsoleAimAssistResponseDimensionKey	time	Int!		2203
input	ConsoleAimAssistResponseDimensionKey	value	Int!		2204
input	ConsoleAimAssistResponseDimensionKey	inTangent	Int!		2205
input	ConsoleAimAssistResponseDimensionKey	outTangent	Int!		2206
input	ConsoleAimAssistResponseDimensionKey	inWeight	Int!		2207
input	ConsoleAimAssistResponseDimensionKey	outWeight	Int!		2208
input	ConsoleAimAssistResponseDimensionKey	weightedMode	Int!		2209
input	ConsoleAimAssistResponseDimensionKey	tangentMode	Int!		2210
input	ConsoleAimAssistSensitivity	x	Float!		2214
input	ConsoleAimAssistSensitivity	y	Float!		2215
input	ConsoleAimAssistSensitivity	zoomSensitivityCoefficient	Float!		2216
input	ConsoleAimAssistSensitivity	hipFireSensitivityCoefficient	Float!		2217
input	ConsoleAimAssistSensitivity	mFactor	Float!		2218
input	ConsoleAimAssistSensitivity	enabled	Boolean!		2219
input	ConsoleAimAssistTurnSpeedAcceleration	accelerationMultiplier	Float!		2223
input	ConsoleAimAssistTurnSpeedAcceleration	enabled	Boolean!		2224
input	ConsoleCameraSpeedConstraints	maxYawSpeed	Int!		2228
input	ConsoleCameraSpeedConstraints	maxPitchSpeed	Int!		2229
input	ConsoleCameraSpeedConstraints	enabled	Boolean!		2230
input	ConsolePlayResult	taskName	String!		2234
input	ConsolePlayResult	taskId	String		2235
input	ConsolePlayResult	taskVersion	String		2236
input	ConsolePlayResult	mode	Int		2237
input	ConsolePlayResult	map	Int		2238
input	ConsolePlayResult	score	Float!		2239
input	ConsolePlayResult	startedAt	Timestamp!		2240
input	ConsolePlayResult	endedAt	Timestamp!		2241
input	ConsolePlayResult	sentAt	Timestamp!		2242
input	ConsolePlayResult	app	App!		2243
input	ConsolePlayResult	appVersion	String!		2244
input	ConsolePlayResult	studyId	String		2245
input	ConsolePlayResult	performanceData	JSONObject		2246
input	ConsolePlayResult	analyticsVersion	String		2247
input	ConsolePlayResult	steamId	String		2248
input	ConsolePlayResult	weaponId	String		2249
input	ConsolePlayResult	modeId	Int		2250
input	ConsolePlayResult	mapId	Int		2251
input	ConsolePlayResult	mapVersion	String		2252
input	ConsolePlayResult	duration	Float		2253
input	ConsolePlayResult	pauseDuration	Float		2254
input	ConsolePlayResult	weaponSkin	String		2255
input	ConsolePlayResult	inputDevice	[InputDevice!]		2256
input	ConsolePlayResult	isVisible	Boolean		2257
input	ConsolePlayResult	seasonId	String		2258
input	ConsolePlayResult	country	String		2259
input	ConsolePlayResult	region	String		2260
input	ConsolePlayResult	deviceId	String		2261
input	ConsolePlayResult	weaponName	String!		2262
input	ConsolePlayResult	weaponType	String!		2263
input	ConsolePlayResult	metaData	AimlabPlayMetaData!		2264
input	ConsolePlayResult	analyticsPayload	AnalyticsPayload		2265
input	ConsolePlayResult	userSettings	AimlabUserSettingsInput!		2266
input	ConsolePlayResult	userSkills	AimlabPlayUserSkills!		2267
input	ConsolePlayResult	playCosmetics	AimlabPlayCosmeticsInput		2268
input	ConsolePlayResult	advancedPerformanceData	AimlabPlayAdvancedStatisticsInput		2269
input	ConsolePlayResult	matchPlaySubmissionInput	[MatchPlaySubmissionInput!]		2270
input	ConsolePlayResult	aimAssistConfig	ConsoleAimAssistConfig!		2271
object	CreateBattlePassResult	success	Boolean!		2275
object	CreateBattlePassResult	errors	[MutationError!]!		2276
object	CreateBattlePassResult	battlePass	BattlePass		2277
object	CreateBattlePassRewardResult	success	Boolean!		2281
object	CreateBattlePassRewardResult	errors	[MutationError!]!		2282
object	CreateBattlePassRewardResult	battlePass	BattlePass		2283
object	CreateBattlePassRewardResult	tier	BattlePassTier		2284
object	CreateBattlePassRewardResult	reward	BattlePassReward		2285
object	CreateBattlePassTierResult	success	Boolean!		2289
object	CreateBattlePassTierResult	errors	[MutationError!]!		2290
object	CreateBattlePassTierResult	battlePass	BattlePass		2291
object	CreateBattlePassTierResult	tier	BattlePassTier		2292
object	CreateBrainlabStudyResult	success	Boolean!		2296
object	CreateBrainlabStudyResult	errors	[MutationError!]!		2297
object	CreateBrainlabStudyResult	study	BrainlabStudy		2298
object	CreateBrainlabStudyResult	admins	[BrainlabUser!]		2299
object	CreateBrainlabStudyResult	users	[BrainlabUser!]		2300
object	CreateLoginStreakResult	success	Boolean!		2304
object	CreateLoginStreakResult	errors	[MutationError!]!		2305
object	CreateLoginStreakResult	streak	LoginStreak		2306
object	CurrencyMutationPayload	success	Boolean!		2310
object	CurrencyMutationPayload	balance	Float		2311
object	CurrencyMutationPayload	balanceChange	Float!		2312
object	CurrencyMutationPayload	errors	[MutationError!]!		2313
object	CustomUsersSourceListResult	users	[AimlabProfile!]!		2317
object	CustomUsersSourceListResult	total	Float!		2318
object	CustomUsersSourceMutationPayload	success	Boolean!		2322
object	CustomUsersSourceMutationPayload	errors	[MutationError!]!		2323
object	CustomUsersSourceMutationPayload	list	CustomUsersSourceListResult!		2324
scalar	DateTime				2327
input	DateTimeCompare	_eq	DateTime		2333
input	DateTimeCompare	_gt	DateTime		2334
input	DateTimeCompare	_gte	DateTime		2335
input	DateTimeCompare	_is_null	Boolean		2336
input	DateTimeCompare	_lt	DateTime		2337
input	DateTimeCompare	_lte	DateTime		2338
input	DateTimeCompare	_neq	DateTime		2339
input	DidWinMissionWithChallengeInput	missionId	String!		2343
input	DidWinMissionWithChallengeInput	challengeId	String!		2344
input	EditApiClientInput	name	String		2348
input	EditApiClientInput	email	String		2349
input	EditApiClientInput	isActive	Boolean		2350
input	EditApiClientInput	grantTypes	[String!]!		2351
input	EditApiClientInput	redirectUris	[String!]!		2352
input	EditApiClientInput	scopes	[String!]!		2353
input	EditApiClientInput	responseTypes	[String!]		2354
input	EditApiClientInput	tokenEndpointAuthMethod	String		2355
input	EditApiClientInput	firstParty	Boolean!		2356
input	EditBenchmarkInput	published	Boolean		2360
input	EditBenchmarkInput	name	String		2361
input	EditBenchmarkInput	theme	ThemeInput		2362
input	EditBenchmarkInput	aboutTitle	String		2363
input	EditBenchmarkInput	aboutDescription	String		2364
input	EditBenchmarkInput	thumbnail	String		2365
input	EditBenchmarkInput	background	String		2366
input	EditBenchmarkInput	playercardBackground	String		2367
input	EditBenchmarkInput	playercard	String		2368
input	EditBenchmarkInput	wideLogo	String		2369
input	EditBenchmarkInput	icon	String		2370
input	EditBenchmarkInput	infoUrl	String		2371
input	EditBenchmarkInput	socials	BenchmarkSocialsInput		2372
input	EditBenchmarkInput	unranked	BenchmarkRankInput		2373
input	EditBenchmarkTaskInput	thresholds	[Int!]		2377
input	EditBenchmarkTaskInput	tierId	Int		2378
input	EditBenchmarkTaskInput	sectionId	String		2379
input	EditBenchmarkTaskInput	csTaskId	String		2380
input	EditBenchmarkTaskInput	thumbnail	String		2381
input	EditBenchmarkTaskInput	description	String		2382
input	EditBenchmarkTierInput	name	String		2386
input	EditBenchmarkTierInput	ranks	[BenchmarkRankInput!]		2387
input	FetchStudiesInput	isActive	Boolean		2391
input	FetchStudiesInput	name	String		2392
input	FetchSurveysInput	isActive	Boolean		2396
input	FetchSurveysInput	apps	[App!]		2397
enum	FriendLinkType	FRIEND			2401
enum	FriendLinkType	REQUESTED			2402
enum	FriendLinkType	WAITING_ACTION			2403
enum	FriendLinkType	BLOCKED			2404
enum	FriendLinkType	IGNORED			2405
enum	FriendRequestSource	AIMLABMOBILE			2409
enum	FriendRequestSource	AIMLAB			2410
object	FriendsListResult	friends	[AimlabProfile!]!		2414
object	FriendsListResult	total	Float!		2415
object	FriendsRequestDetails	username	String!		2419
object	FriendsRequestDetails	type	String!		2420
object	FriendsRequestDetails	profile	AimlabProfile!		2421
object	FriendsRequestsResult	requests	[FriendsRequestDetails!]!		2425
object	GeoIP	ip	String!		2429
object	GeoIP	country	String!		2430
object	GeoIP	region	String		2431
object	GridshieldBan	id	ID!		2435
object	GridshieldBan	userId	ID!		2436
object	GridshieldBan	createdAt	DateTime!		2437
object	GridshieldBan	createdBy	ID		2438
object	GridshieldBan	banReason	GridshieldBanReason!		2439
object	GridshieldBan	affectedPlays	[String!]!		2440
object	GridshieldBan	revokedAt	DateTime		2441
object	GridshieldBan	revokedBy	String		2442
object	GridshieldBan	revocationReason	GridshieldUnbanReason		2443
object	GridshieldBan	notes	String		2444
object	GridshieldBan	user	User!		2445
input	GridshieldBanInput	userId	ID!		2449
input	GridshieldBanInput	reason	GridshieldBanReason!		2450
input	GridshieldBanInput	notes	String		2451
enum	GridshieldBanReason	CHEAT			2455
enum	GridshieldBanReason	PROFILE			2456
enum	GridshieldBanReason	INTERNAL			2457
object	GridshieldDisqualification	id	ID!		2461
object	GridshieldDisqualification	playId	ID!		2462
object	GridshieldDisqualification	createdAt	DateTime!		2463
object	GridshieldDisqualification	createdBy	ID		2464
object	GridshieldDisqualification	reason	GridshieldDisqualificationReason!		2465
object	GridshieldDisqualification	revokedAt	DateTime		2466
object	GridshieldDisqualification	revokedBy	String		2467
object	GridshieldDisqualification	revocationReason	GridshieldRequalificationReason		2468
object	GridshieldDisqualification	notes	String		2469
object	GridshieldDisqualification	play	Play!		2470
input	GridshieldDisqualificationInput	playId	ID!		2474
input	GridshieldDisqualificationInput	reason	GridshieldDisqualificationReason!		2475
input	GridshieldDisqualificationInput	notes	String		2476
enum	GridshieldDisqualificationReason	CHEAT			2480
enum	GridshieldDisqualificationReason	PROFILE			2481
enum	GridshieldDisqualificationReason	TESTING			2482
enum	GridshieldDisqualificationReason	INTERNAL			2483
object	GridshieldGuard	guardType	String!		2487
object	GridshieldGuard	config	JSONObject!		2488
object	GridshieldGuard	action	GridshieldGuardAction!		2489
enum	GridshieldGuardAction	REVIEW			2493
enum	GridshieldGuardAction	DISQUALIFY			2494
enum	GridshieldGuardAction	BAN			2495
input	GridshieldGuardInput	guardTypeId	String!		2499
input	GridshieldGuardInput	config	JSONObject!		2500
input	GridshieldGuardInput	action	GridshieldGuardAction!		2501
enum	GridshieldPlayStatus	PENDING_REVIEW			2505
enum	GridshieldPlayStatus	DISQUALIFIED			2506
enum	GridshieldPlayStatus	APPROVED			2507
input	GridshieldRequalificationInput	playId	ID!		2511
input	GridshieldRequalificationInput	reason	GridshieldRequalificationReason!		2512
enum	GridshieldRequalificationReason	APPEALED			2516
enum	GridshieldRequalificationReason	INVALID			2517
enum	GridshieldRequalificationReason	TESTING			2518
enum	GridshieldRequalificationReason	INTERNAL			2519
object	GridshieldReview	id	ID!		2523
object	GridshieldReview	playId	ID!		2524
object	GridshieldReview	createdAt	DateTime!		2525
object	GridshieldReview	status	GridshieldReviewStatus!		2526
object	GridshieldReview	handledAt	DateTime		2527
object	GridshieldReview	handledBy	String		2528
object	GridshieldReview	play	Play!		2529
enum	GridshieldReviewStatus	PENDING			2533
enum	GridshieldReviewStatus	APPROVED			2534
enum	GridshieldReviewStatus	DISQUALIFIED			2535
object	GridshieldRule	id	ID!		2539
object	GridshieldRule	selector	String!		2540
object	GridshieldRule	isActive	Boolean!		2541
object	GridshieldRule	guards	[GridshieldGuard!]!		2542
input	GridshieldRuleCreationInput	selector	String!		2546
input	GridshieldRuleInput	selector	String!		2550
input	GridshieldRuleInput	isActive	Boolean!		2551
input	GridshieldRuleInput	guards	[GridshieldGuardInput!]!		2552
input	GridshieldUnbanInput	userId	ID!		2556
input	GridshieldUnbanInput	reason	GridshieldUnbanReason!		2557
enum	GridshieldUnbanReason	APPEALED			2561
enum	GridshieldUnbanReason	INVALID			2562
enum	GridshieldUnbanReason	INTERNAL			2563
enum	InputDevice	MOUSE			2568
enum	InputDevice	CONTROLLER			2569
enum	InputDevice	OTHER			2570
input	IntCompare	_eq	Float		2574
input	IntCompare	_gt	Float		2575
input	IntCompare	_gte	Float		2576
input	IntCompare	_in	[Float!]		2577
input	IntCompare	_is_null	Boolean		2578
input	IntCompare	_lt	Float		2579
input	IntCompare	_lte	Float		2580
input	IntCompare	_neq	Float		2581
input	IntCompare	_nin	[Float!]		2582
input	IssueChallengeInput	challengeeId	ID!		2586
input	IssueChallengeInput	settings	JSONObject		2587
input	IssueMultipleChallengesInput	challengeeIds	[ID!]!		2591
input	IssueMultipleChallengesInput	settings	JSONObject		2592
input	IssueMultipleMatchesInput	opponentIds	[ID!]		2596
input	IssueMultipleMatchesInput	settings	JSONObject!		2597
input	IssueMultipleMatchesInput	isMatchmaking	Boolean		2598
input	IssueMultipleMatchesInput	ranking	String		2599
scalar	JSONObject				2602
enum	LeaderboardDataSource	cache			2609
enum	LeaderboardDataSource	database			2610
enum	LeaderboardFriendSource	steam			2615
enum	LeaderboardFriendSource	aimlabs			2616
enum	LeaderboardFriendSource	customList			2617
input	LeaderboardInput	clientId	String!		2621
input	LeaderboardInput	combined	Boolean		2623
input	LeaderboardInput	metric	LeaderboardMetric		2625
input	LeaderboardInput	campaignId	String		2626
input	LeaderboardInput	seasonId	String		2627
input	LeaderboardInput	taskId	String		2628
input	LeaderboardInput	taskMode	Int		2629
input	LeaderboardInput	taskVersion	Int		2630
input	LeaderboardInput	weaponId	String		2631
input	LeaderboardInput	window	LeaderboardWindowInput		2632
input	LeaderboardInput	friends	LeaderboardFriendSource		2633
input	LeaderboardInput	userId	String		2634
input	LeaderboardInput	playId	String		2635
input	LeaderboardInput	username	String		2636
input	LeaderboardInput	country	String		2637
input	LeaderboardInput	nearby	Boolean		2638
input	LeaderboardInput	offset	Int		2639
input	LeaderboardInput	limit	Int		2640
input	LeaderboardInput	source	LeaderboardDataSource		2641
input	LeaderboardInput	scoreToProjectRank	Float		2642
input	LeaderboardInput	standings	Boolean		2643
enum	LeaderboardMetric	max_score			2648
enum	LeaderboardMetric	sum_kills			2649
enum	LeaderboardMetric	count_plays			2650
enum	LeaderboardPeriod	week			2655
enum	LeaderboardPeriod	month			2656
enum	LeaderboardPeriod	year			2657
enum	LeaderboardPeriod	latest			2658
input	LeaderboardWindowInput	period	LeaderboardPeriod!		2662
input	LeaderboardWindowInput	value	String		2663
object	LoginStreak	id	Float!		2667
object	LoginStreak	appId	String!		2668
object	LoginStreak	sortOrder	Float!		2669
object	LoginStreak	rewardType	UserLoginStreakRewardType!		2670
object	LoginStreak	playfabItemId	String		2672
object	LoginStreak	playfabCatalogId	String		2675
object	LoginStreak	amount	Float		2679
object	LoginStreak	createdAt	DateTime!		2680
object	LoginStreak	claims	[LoginStreakClaim!]!		2681
object	LoginStreakClaim	id	Float!		2685
object	LoginStreakClaim	userId	String!		2686
object	LoginStreakClaim	streakId	Float!		2687
object	LoginStreakClaim	createdAt	DateTime!		2688
object	LoginStreakClaim	user	User		2689
object	LoginStreakClaim	streak	LoginStreak		2690
input	LoginStreakInput	appId	App!		2694
input	LoginStreakInput	sortOrder	Float		2696
input	LoginStreakInput	rewardType	UserLoginStreakRewardType!		2700
input	LoginStreakInput	playfabItemId	String		2701
input	LoginStreakInput	playfabCatalogId	String		2702
input	LoginStreakInput	amount	Float		2703
object	LoginStreakPage	page	[LoginStreakWithClaimed!]!		2707
object	LoginStreakPage	userInfo	UserLoginStreakClaimInfo!		2708
object	LoginStreakWithClaimed	streak	LoginStreak!		2712
object	LoginStreakWithClaimed	claimed	Boolean!		2713
scalar	LuxonDateTime				2716
scalar	LuxonTimestamp				2719
object	Match	id	ID!		2723
object	Match	createdAt	DateTime!		2724
object	Match	expiresAt	DateTime!		2725
object	Match	startedAt	DateTime		2726
object	Match	canceledAt	DateTime		2727
object	Match	completedAt	DateTime		2728
object	Match	status	MatchStatus!		2729
object	Match	settings	JSONObject!		2730
object	Match	challengerTopScore	Float		2731
object	Match	opponentTopScore	Float		2732
object	Match	source	MatchSource!		2733
object	Match	challenger	AimlabProfile		2734
object	Match	opponent	AimlabProfile		2735
object	Match	rounds	[MatchRound!]!		2736
object	Match	matchResult	MatchResult!		2737
object	MatchChallenge	id	ID!		2741
object	MatchChallenge	seed	Int!		2742
object	MatchChallenge	challenger	AimlabProfile!		2743
object	MatchChallenge	challengee	AimlabProfile!		2744
object	MatchChallenge	status	MatchChallengeStatus!		2745
object	MatchChallenge	settings	JSONObject		2746
object	MatchChallenge	winner	AimlabProfile		2747
object	MatchChallenge	challengerPlay	Play		2748
object	MatchChallenge	challengeePlay	Play		2749
input	MatchChallengeFilterInput	status	MatchChallengeStatus		2753
input	MatchChallengeFilterInput	after	DateTime		2754
object	MatchChallengeRecord	wins	Int!		2758
object	MatchChallengeRecord	losses	Int!		2759
enum	MatchChallengeStatus	ONGOING			2763
enum	MatchChallengeStatus	COMPLETED			2764
object	MatchConnection	edges	[MatchEdge]		2768
object	MatchConnection	pageInfo	ConnectionPageInfo!		2771
object	MatchConnection	totalCount	Int!		2774
object	MatchEdge	node	Match!		2779
object	MatchEdge	cursor	String!		2782
input	MatchFilterInput	after	DateTime		2787
input	MatchFilterInput	status	[MatchStatus!]		2788
input	MatchFilterInput	playerId	ID		2789
input	MatchFilterInput	paginationArgs	MatchPaginationInput		2790
input	MatchFilterInput	source	[MatchSource!]		2791
input	MatchPaginationInput	first	Float		2795
input	MatchPaginationInput	last	Float		2796
input	MatchPaginationInput	after	String		2797
input	MatchPaginationInput	before	String		2798
object	MatchPerformanceByPlayer	stats	PlayerPerformanceStats!		2802
object	MatchPerformanceByPlayer	playerInfo	MatchPerformancePlayerInfo!		2803
object	MatchPerformancePlayerInfo	competitiveTier	String!		2807
object	MatchPerformancePlayerInfo	characterId	String!		2808
object	MatchPerformancePlayerInfo	playerName	String!		2809
object	MatchPerformancePlayerInfo	playerTag	String!		2810
object	MatchPerformancePlayerInfo	team	String!		2811
input	MatchPlaySubmissionInput	matchId	ID!		2815
input	MatchPlaySubmissionInput	roundId	ID!		2816
input	MatchPlaySubmissionInput	playerTurnId	ID!		2817
object	MatchResult	winner	AimlabProfile		2821
object	MatchRound	id	ID!		2825
object	MatchRound	seed	Float!		2826
object	MatchRound	winner	AimlabProfile		2827
object	MatchRound	playerTurns	[PlayerTurn!]!		2828
enum	MatchSource	USER			2833
enum	MatchSource	MATCHMAKING			2834
enum	MatchStatus	EXPIRED			2839
enum	MatchStatus	CANCELED			2840
enum	MatchStatus	COMPLETED			2841
enum	MatchStatus	ONGOING			2842
enum	MatchStatus	PENDING			2843
object	MatchWinExpectancy	winExpectancy	Float!		2847
object	MatchWinExpectancy	roundNumber	Int!		2849
object	MatchWinExpectancy	roundId	String!		2850
object	MatchWinExpectancy	team	String!		2851
object	MetricValue	groupValue	String!		2855
object	MetricValue	value	Float!		2856
object	MissionState	missionId	String!		2860
object	MissionState	lastProcessedEvent	MissionStateEvent		2861
object	MissionState	achievedAt	DateTime		2862
object	MissionState	objectiveProgress	[ObjectiveProgress!]!		2863
object	MissionStateEvent	payload	JSONObject		2867
object	MissionStateEvent	date	DateTime		2868
object	MobileData	updatedAt	DateTime!		2872
object	MobileData	data	JSONObject		2873
object	MobileData	extra	JSONObject		2874
input	MobileDataSave	data	JSONObject!		2878
input	MobileDataSave	extra	JSONObject		2879
input	MobileDataSave	updatedAt	DateTime		2880
input	MobilePlayResult	taskName	String!		2884
input	MobilePlayResult	taskId	String		2885
input	MobilePlayResult	taskVersion	String		2886
input	MobilePlayResult	mode	Int!		2887
input	MobilePlayResult	map	Int!		2888
input	MobilePlayResult	score	Float!		2889
input	MobilePlayResult	startedAt	Timestamp!		2890
input	MobilePlayResult	endedAt	Timestamp!		2891
input	MobilePlayResult	sentAt	Timestamp!		2892
input	MobilePlayResult	app	App!		2893
input	MobilePlayResult	appVersion	String!		2894
input	MobilePlayResult	studyId	String		2895
input	MobilePlayResult	performanceData	JSONObject		2896
input	MobilePlayResult	analyticsVersion	String		2897
input	MobilePlayResult	steamId	String		2898
input	MobilePlayResult	weaponId	String		2899
input	MobilePlayResult	modeId	Int		2900
input	MobilePlayResult	mapId	Int		2901
input	MobilePlayResult	mapVersion	String		2902
input	MobilePlayResult	duration	Float		2903
input	MobilePlayResult	pauseDuration	Float		2904
input	MobilePlayResult	weaponSkin	String		2905
input	MobilePlayResult	inputDevice	[InputDevice!]		2906
input	MobilePlayResult	isVisible	Boolean		2907
input	MobilePlayResult	seasonId	String		2908
input	MobilePlayResult	country	String		2909
input	MobilePlayResult	region	String		2910
input	MobilePlayResult	weaponName	String!		2911
input	MobilePlayResult	weaponType	String!		2912
input	MobilePlayResult	userSkills	AimlabPlayUserSkills!		2913
object	MobileProfile	icon	String		2917
object	MobileProfile	banner	String		2918
object	MobileProfile	title	String		2919
object	MobileProfile	achievements	JSONObject		2920
object	MobileProfile	badges	JSONObject		2921
object	MobileProfile	items	JSONObject		2922
object	MobileProfile	playerRankInfo	JSONObject		2923
object	MobileProfile	playerProgression	JSONObject		2924
object	Mutation	issueMatchChallenge	MatchChallenge!	input: IssueChallengeInput!	2928
object	Mutation	issueMultipleMatchChallenges	[MatchChallenge!]!	input: IssueMultipleChallengesInput!	2929
object	Mutation	playMatchChallenge	MatchChallenge!	input: PlayMatchChallengeInput!	2930
object	Mutation	dismissNotification	Notification!	id: ID!	2931
object	Mutation	viewNotification	Notification!	id: ID!	2932
object	Mutation	issueMatches	[Match!]!	input: IssueMultipleMatchesInput!	2933
object	Mutation	submitPlayToMatch	Match!	input: SubmitPlayToMatchInput!	2934
object	Mutation	submitAimlabMountSinaiPlayResult	SubmitPlayResultPayload!	result: AimlabMountSinaiPlayResult!	2935
object	Mutation	submitDebugForm	String!	email: String!, username: String!, note: String!	2936
object	Mutation	updateAimlabCosmeticsForCurrentUser	AimlabCosmetics!	input: UpdateCurrentUserAimlabCosmeticsInput!	2937
object	Mutation	updateAimlabCosmetics	AimlabCosmetics!	input: UpdateAimlabCosmeticsInput!	2938
object	Mutation	addCustomUser	CustomUsersSourceMutationPayload!	userName: String, userId: String	2939
object	Mutation	removeCustomUser	CustomUsersSourceMutationPayload!	userId: String!	2940
object	Mutation	requestFriend	MutationPayload!	source: FriendRequestSource!, username: String!	2941
object	Mutation	deleteFriendshipRequest	MutationPayload!	username: String!	2942
object	Mutation	unfriend	MutationPayload!	username: String!	2943
object	Mutation	acceptFriendRequest	MutationPayload!	username: String!	2944
object	Mutation	declineFriendRequest	MutationPayload!	username: String!	2945
object	Mutation	ignoreFriendRequest	MutationPayload!	username: String!	2946
object	Mutation	blockFriendshipRequest	MutationPayload!	username: String!	2947
object	Mutation	unIgnoreUser	MutationPayload!	username: String!	2948
object	Mutation	unBlockUser	MutationPayload!	username: String!	2949
object	Mutation	createAimlabTask	AimlabTask	aimlabTaskInput: AimlabTaskInput!	2950
object	Mutation	updateAimlabTask	AimlabTask	aimlabTaskInput: AimlabTaskInput!	2951
object	Mutation	deleteAimlabTask	AimlabTask	aimlabTaskFetchInput: AimlabTaskFetchInput!	2952
object	Mutation	submitAimlabPlayResults	SubmitPlayResultPayload!	result: AimlabPlayResult!	2953
object	Mutation	submitAimlabPlayAnalyticsPayload	SubmitPlayAnalyticsPayload!	analyticsPayload: Upload!, playId: String!	2954
object	Mutation	sharePlay	String!	text: String, playId: String!	2955
object	Mutation	createApiClient	ApiClient!	apiClientInput: ApiClientInput!	2960
object	Mutation	editApiClient	ApiClient!	apiClientInput: EditApiClientInput!, clientId: String!	2961
object	Mutation	createAvroSchema	AvroSchema!	avroSchemaInput: AvroSchemaInput!	2962
object	Mutation	submitBrainlabPlayResult	SubmitPlayResultPayload!	result: BrainlabPlayResult!	2963
object	Mutation	createBrainlabStudy	CreateBrainlabStudyResult!	numberOfUsers: Int!, numberOfAdmins: Int!, endDate: DateTime!, startDate: DateTime!, name: String!	2964
object	Mutation	addUsersToBrainlabStudy	CreateBrainlabStudyResult!	numberOfUsers: Int!, numberOfAdmins: Int!, studyId: String!	2965
object	Mutation	adminResetBrainlabUserPassword	BrainlabUser	userId: String!	2966
object	Mutation	adminDeactivateBrainlabUser	BrainlabStudyUser	userId: String!	2967
object	Mutation	submitConsolePlayResults	SubmitPlayResultPayload!	result: ConsolePlayResult!	2968
object	Mutation	submitPSPlayResults	SubmitPlayResultPayload!	result: PlaystationPlayResult!	2969
object	Mutation	submitXBXPlayResults	SubmitPlayResultPayload!	result: XboxPlayResult!	2970
object	Mutation	submitPSPlayAnalyticsPayload	SubmitPlayResultPayload!	analyticsPayload: Upload!, playId: String!	2971
object	Mutation	submitXBXPlayAnalyticsPayload	SubmitPlayResultPayload!	analyticsPayload: Upload!, playId: String!	2972
object	Mutation	createBattlePass	CreateBattlePassResult!	battlePassInput: BattlePassInput!	2973
object	Mutation	createBattlePassTier	CreateBattlePassTierResult!	battlePassTierInput: BattlePassTierInput!	2974
object	Mutation	createBattlePassReward	CreateBattlePassRewardResult!	battlePassRewardInput: BattlePassRewardInput!	2975
object	Mutation	submitMobilePlayResults	SubmitPlayResultPayload!	result: MobilePlayResult!	2976
object	Mutation	createLoginStreak	CreateLoginStreakResult!	loginStreakInput: LoginStreakInput!	2977
object	Mutation	claimNextLoginReward	ClaimNextLoginStreakResult!	appId: App!	2978
object	Mutation	createPlayUploadUrl	PlayResultURL!	playId: ID!, isComplete: Boolean!	2979
object	Mutation	createProfanityFilterRecord	ProfanityFilter!	profanityFilterInput: ProfanityFilterInput!	2980
object	Mutation	updateProfanityFilterRecord	ProfanityFilter!	profanityFilterInput: ProfanityFilterInput!, word: String!	2981
object	Mutation	deleteProfanityFilterRecord	ProfanityFilter!	word: String!	2982
object	Mutation	testProfanityMatches	ProfanityMatches!	word: String!	2983
object	Mutation	createReferralCode	ReferralCode!	code: String!, name: String!	2984
object	Mutation	createSurvey	Survey!	surveyInput: SurveyInput!	2985
object	Mutation	updateSurvey	Survey!	surveyUpdateInput: SurveyUpdateInput!	2986
object	Mutation	provisionSurveys	Int!	app: App!	2987
object	Mutation	abortUserSurvey	String!	userSurveyAbortReason: UserSurveyAbortReason!, userSurveyId: String!	2988
object	Mutation	answerSurveyQuestion	UserSurveyAnswer	answerSurveyQuestionInput: AnswerSurveyQuestionInput!	2989
object	Mutation	saveMobileData	MobileData	input: MobileDataSave!	2990
object	Mutation	addUserCurrency	CurrencyMutationPayload!	input: UserCurrencyInput!	2991
object	Mutation	subtractUserCurrency	CurrencyMutationPayload!	input: UserCurrencyInput!	2992
object	Mutation	updateScopes	User!	userId: ID, scopes: [Scopes!]!	2993
object	Mutation	deleteUser	User	userId: ID!	2994
object	Mutation	startAIMLConversation	AIMLConversation!	options: AIMLConversationOptions, promptSchemaId: String!	2995
object	Mutation	startAIMLConversationForUser	AIMLConversation!	options: AIMLConversationOptions, userId: String!, promptSchemaId: String!	2996
object	Mutation	reportAIMLConversationMessage	AIMLReport!	conversationMessageId: String!, reportText: String, positive: Boolean!	2997
object	Mutation	createAIMLPromptSchema	AIMLPromptSchema!	schemaId: String!	2998
object	Mutation	editAIMLPromptSchema	AIMLPromptSchema!	opts: AIMLPromptSchemaEditInput!, schemaId: String!	2999
object	Mutation	deleteAIMLPromptSchema	String!	schemaId: String!	3000
object	Mutation	createAIMLPromptLayer	AIMLPromptLayer!	opts: AIMLPromptLayerInput!, layerId: String!	3001
object	Mutation	assignAIMLPromptLayer	AIMLPromptLayerAssignment!	opts: AIMLPromptLayerAssignmentInput!, schemaId: String!, layerId: String!	3002
object	Mutation	unassignAIMLPromptLayer	AIMLPromptLayer!	schemaId: String!, layerId: String!	3003
object	Mutation	editAIMLPromptLayer	AIMLPromptLayer!	opts: AIMLPromptLayerInput!, layerId: String!	3004
object	Mutation	deleteAIMLPromptLayer	String!	layerId: String!	3005
object	Mutation	resetAIMLUsage	AIMLUsage!	userId: String!	3006
object	Mutation	addAIMLCommunityQuestions	[AIMLCommunityQuestion!]!	input: [AddAIMLCommunityQuestionInput!]!	3007
object	Mutation	removeAIMLCommunityQuestions	Int!	ids: [String!]!	3008
object	Mutation	acceptAgreement	UserAgreement!	agreementId: String!	3009
object	Mutation	createAgreement	Agreement!	agreementInput: AgreementInput!	3010
object	Mutation	applyGridshieldBan	GridshieldBan!	input: GridshieldBanInput!	3011
object	Mutation	applyGridshieldDisqualification	GridshieldDisqualification!	input: GridshieldDisqualificationInput!	3012
object	Mutation	revokeGridshieldDisqualification	GridshieldDisqualification!	input: GridshieldRequalificationInput!	3013
object	Mutation	revokeGridshieldBan	GridshieldBan!	input: GridshieldUnbanInput!	3014
object	Mutation	approveGridshieldReview	GridshieldReview!	reviewId: String!	3015
object	Mutation	disqualifyGridshieldReview	GridshieldReview!	reviewId: String!	3016
object	Mutation	createGridshieldRule	GridshieldRule!	input: GridshieldRuleCreationInput!	3017
object	Mutation	modifyGridshieldRule	GridshieldRule!	input: GridshieldRuleInput!, ruleId: ID!	3018
object	Mutation	deleteGridshieldRule	GridshieldRule!	ruleId: ID!	3019
object	Mutation	createSeason	AimlabSeason!	seasonInput: SeasonInput!	3020
object	Mutation	createSeasonTask	AimlabSeasonTask!	seasonTaskInput: SeasonTaskInput!	3021
object	Mutation	recordUniversalSensFinderData	Boolean!	input: UniversalSensFinderDataInput!	3022
object	MutationError	code	String!		3026
object	MutationError	message	String		3027
object	MutationPayload	success	Boolean!		3031
object	MutationPayload	errors	[MutationError!]!		3032
object	Notification	id	String!		3036
object	Notification	source	String!		3037
object	Notification	type	String!		3038
object	Notification	dismissed	Boolean!		3039
object	Notification	viewed	Boolean!		3040
object	Notification	creationDate	DateTime!		3041
object	Notification	payload	JSONObject		3042
object	ObjectiveProgress	id	String!		3046
object	ObjectiveProgress	progress	Float!		3047
object	ObjectiveProgress	type	String!		3048
enum	OrderBy	asc			3053
enum	OrderBy	desc			3054
object	OwnedItem	itemId	String!		3058
object	OwnedItem	bundleId	String!		3059
object	OwnedItem	status	String!		3060
object	OwnedItem	amount	Int!		3061
object	OwnedItem	expiresAt	DateTime		3062
object	OwnedItem	teamCode	String		3063
object	OwnedItem	asset	Asset		3065
object	PageInfo	startCursor	String		3073
object	PageInfo	endCursor	String		3074
object	PageInfo	hasNextPage	Boolean!		3075
object	PageInfo	hasPreviousPage	Boolean!		3076
input	PaginationInput	before	String		3080
input	PaginationInput	after	String		3085
input	PaginationInput	first	Int		3088
input	PaginationInput	last	Int		3091
object	Party	playerId	String!		3096
object	Party	ids	[String!]!		3097
object	Party	names	[String!]!		3098
object	Party	tags	[String!]!		3099
object	Party	players	[PlayerPerformancePartyPlayer!]!		3100
object	Party	teammates	[PlayerPerformancePartyPlayer!]!		3101
object	PercentileStats	value	Float!		3105
object	PercentileStats	percentile	Float!		3106
enum	Period	day			3110
enum	Period	week			3111
enum	Period	month			3112
enum	Period	year			3113
object	Play	manifest	PlayManifest!		3117
object	Play	id	String!		3118
object	Play	userId	String		3119
object	Play	viewCount	Int		3120
object	Play	playId	ID!		3121
object	Play	taskSlug	ID		3122
object	Play	taskVersion	String		3123
object	Play	version	AppVersion!		3124
object	Play	score	Int!		3125
object	Play	mode	Int!		3126
object	Play	map	Int		3127
object	Play	convertedMode	Int!		3128
object	Play	studyId	String		3129
object	Play	weaponName	String		3130
object	Play	startedAt	DateTime!		3131
object	Play	endedAt	DateTime		3132
object	Play	performanceScores	JSONObject!		3133
object	Play	statistics	AimlabPlayStatistics		3134
object	Play	task	AimlabTask		3135
object	Play	gridshieldStatus	GridshieldPlayStatus!		3136
object	Play	user	User		3137
object	PlayConnection	edges	[PlayEdge]		3141
object	PlayConnection	pageInfo	ConnectionPageInfo!		3144
object	PlayConnection	totalCount	Int!		3147
object	PlayEdge	node	Play!		3152
object	PlayEdge	cursor	String!		3155
input	PlayEnemyShots	id	Float!		3160
input	PlayEnemyShots	shots	[PlayEntityNullablePose!]!		3161
input	PlayEntityNullablePose	time	Float!		3165
input	PlayEntityNullablePose	positionInWorld	ThreeDimensionalSpatialVector		3166
input	PlayEntityNullablePose	rotation	ThreeDimensionalSpatialVector		3167
object	PlayerPerformance	id	ID!		3171
object	PlayerPerformance	byMap	[PlayerPerformanceStats!]!		3172
object	PlayerPerformance	byWeapon	[PlayerPerformanceStats!]!		3173
object	PlayerPerformance	byAgent	[PlayerPerformanceStats!]!		3174
object	PlayerPerformance	bySide	[PlayerPerformanceStats!]!		3175
object	PlayerPerformance	byLoadout	[PlayerPerformanceStats!]!		3176
object	PlayerPerformance	byParty	[PlayerPerformancePartyStats!]!		3177
object	PlayerPerformance	byPlayer	PlayerPerformanceStats!		3178
input	PlayerPerformanceInput	playerId	String!		3182
input	PlayerPerformanceInput	region	String!		3183
input	PlayerPerformanceInput	gameModes	[String!]!		3184
input	PlayerPerformanceInput	matchesLimit	Int		3185
input	PlayerPerformanceInput	dateLimit	LuxonTimestamp		3186
object	PlayerPerformanceMatchInfo	competitiveTier	ValorantCompetitiveTier!		3190
object	PlayerPerformanceMatchInfo	oppCompetitiveTier	ValorantCompetitiveTier		3191
object	PlayerPerformanceMatchInfo	characterId	String!		3192
object	PlayerPerformanceMatchInfo	mapId	String!		3193
object	PlayerPerformanceMatchInfo	gameMode	String!		3194
object	PlayerPerformanceMatchInfo	gameStartedAt	LuxonTimestamp!		3195
object	PlayerPerformanceMatchInfo	isForfeit	Boolean!		3196
object	PlayerPerformanceMatchInfo	isRanked	Boolean!		3197
object	PlayerPerformanceMatchInfo	party	Party!		3198
object	PlayerPerformanceMatchStats	stats	PlayerPerformanceStats!		3202
object	PlayerPerformanceMatchStats	matchInfo	PlayerPerformanceMatchInfo!		3203
object	PlayerPerformanceMatchStatsConnection	pageInfo	PageInfo!		3207
object	PlayerPerformanceMatchStatsConnection	totalCount	Int!		3208
object	PlayerPerformanceMatchStatsConnection	edges	[PlayerPerformanceMatchStatsEdge!]!		3209
object	PlayerPerformanceMatchStatsEdge	cursor	String		3213
object	PlayerPerformanceMatchStatsEdge	node	PlayerPerformanceMatchStats!		3214
input	PlayerPerformanceOrderBy	countRounds	OrderBy		3218
input	PlayerPerformanceOrderBy	countMatches	OrderBy		3219
input	PlayerPerformanceOrderBy	avgKills	OrderBy		3220
input	PlayerPerformanceOrderBy	avgKillsDeathsDiff	OrderBy		3221
input	PlayerPerformanceOrderBy	avgDamageGiven	OrderBy		3222
input	PlayerPerformanceOrderBy	avgDamageTaken	OrderBy		3223
input	PlayerPerformanceOrderBy	avgDamageDelta	OrderBy		3224
input	PlayerPerformanceOrderBy	ratioShotsHitHead	OrderBy		3225
input	PlayerPerformanceOrderBy	gameStartedAt	OrderBy		3226
object	PlayerPerformancePartyPlayer	id	String!		3230
object	PlayerPerformancePartyPlayer	name	String!		3231
object	PlayerPerformancePartyPlayer	tag	String!		3232
object	PlayerPerformancePartyStats	stats	PlayerPerformanceStats!		3236
object	PlayerPerformancePartyStats	party	Party!		3237
object	PlayerPerformanceStats	aggregateId	String!		3241
object	PlayerPerformanceStats	avgDamageGiven	Float!		3242
object	PlayerPerformanceStats	avgDamageTaken	Float!		3243
object	PlayerPerformanceStats	avgDamageDelta	Float!		3244
object	PlayerPerformanceStats	avgAssists	Float!		3245
object	PlayerPerformanceStats	sumAssists	Int!		3246
object	PlayerPerformanceStats	avgKills	Float!		3247
object	PlayerPerformanceStats	sumKills	Int!		3248
object	PlayerPerformanceStats	avgDeaths	Float!		3249
object	PlayerPerformanceStats	sumDeaths	Int!		3250
object	PlayerPerformanceStats	avgCombatScore	Float!		3251
object	PlayerPerformanceStats	avgKillsDeathsDiff	Float!		3252
object	PlayerPerformanceStats	ratioShotsHitHead	Float!		3253
object	PlayerPerformanceStats	countRounds	Int!		3254
object	PlayerPerformanceStats	countRoundsWon	Int!		3255
object	PlayerPerformanceStats	countRoundsLost	Int!		3256
object	PlayerPerformanceStats	countMatches	Int!		3257
object	PlayerPerformanceStats	countMatchesWon	Int!		3258
object	PlayerPerformanceStats	countMatchesLost	Int!		3259
object	PlayerPerformanceStats	countThreeKillsRounds	Int!		3260
object	PlayerPerformanceStats	sumFirstDeaths	Int!		3261
object	PlayerPerformanceStats	sumFirstKills	Int!		3262
object	PlayerPerformanceStats	avgFirstKillsDeathsDiff	Float!		3263
input	PlayerPerformanceWhere	map_id	StringCompare		3267
input	PlayerPerformanceWhere	character_id	StringCompare		3268
input	PlayerPerformanceWhere	weapon_id	StringCompare		3269
input	PlayerPerformanceWhere	side	StringCompare		3270
object	PlayerRecords	id	ID!		3274
object	PlayerRecords	deathmatch	PlayerRecordsDeathmatch		3275
object	PlayerRecords	spikeRush	PlayerRecordsSpikeRush		3276
object	PlayerRecords	ranked	PlayerRecordsCompetitive		3277
object	PlayerRecords	unranked	PlayerRecordsCompetitive		3278
object	PlayerRecords	perMap	[PlayerRecordsPerMap!]		3279
object	PlayerRecords	highestRank	PlayerRecordsHighestRank		3280
object	PlayerRecordsCompetitive	aceCounter	Int!		3284
object	PlayerRecordsCompetitive	hexCounter	Int!		3285
object	PlayerRecordsCompetitive	knifeKills	Int!		3286
object	PlayerRecordsCompetitive	winStreak	Int!		3287
object	PlayerRecordsCompetitive	topFrag	Int!		3288
object	PlayerRecordsCompetitive	topAssists	Int!		3289
object	PlayerRecordsCompetitive	mostFrags	Int!		3290
object	PlayerRecordsCompetitive	highestHeadShotRatio	Float!		3291
object	PlayerRecordsCompetitive	longestMatch	Int!		3292
object	PlayerRecordsDeathmatch	topFinishes	Int!		3296
object	PlayerRecordsDeathmatch	topThreeFinishes	Int!		3297
object	PlayerRecordsDeathmatch	winStreak	Int!		3298
object	PlayerRecordsDeathmatch	longestSurvivalTime	Int!		3299
object	PlayerRecordsDeathmatch	longestKillstreak	Int!		3300
object	PlayerRecordsDeathmatch	favAgent	ValorantAgent!		3301
object	PlayerRecordsHighestRank	rank	ValorantCompetitiveTier!		3305
object	PlayerRecordsHighestRank	act	ValorantAct!		3306
object	PlayerRecordsPerMap	kills	Int!		3310
object	PlayerRecordsPerMap	deaths	Int!		3311
object	PlayerRecordsPerMap	assists	Int!		3312
object	PlayerRecordsPerMap	combatScore	Int!		3313
object	PlayerRecordsPerMap	deltaDmg	Int!		3314
object	PlayerRecordsPerMap	perfectHalvesAttack	Int!		3315
object	PlayerRecordsPerMap	perfectHalvesDefense	Int!		3316
object	PlayerRecordsPerMap	thirteenToNoneWins	Int!		3317
object	PlayerRecordsPerMap	map	ValorantMap!		3318
object	PlayerRecordsSpikeRush	winStreak	Int!		3322
object	PlayerRecordsSpikeRush	fourToNoneWins	Int!		3323
object	PlayerRecordsSpikeRush	zeroToFourLoses	Int!		3324
object	PlayerRecordsSpikeRush	topFrag	Int!		3325
object	PlayerRecordsSpikeRush	topAssists	Int!		3326
object	PlayerRecordsSpikeRush	goldenGunKills	Int!		3327
object	PlayerRecordsSpikeRush	highestHeadShotRatio	Float!		3328
object	PlayerRecordsSpikeRush	abilityKills	Int!		3329
object	PlayerTurn	id	ID!		3333
object	PlayerTurn	complete	Boolean!		3334
object	PlayerTurn	player	AimlabProfile!		3335
object	PlayerTurn	play	Play		3336
input	PlayEvent	eventType	Float!		3340
input	PlayEvent	time	Float!		3341
input	PlayEvent	targetId	Float!		3342
input	PlayEvent	playerPosition	ThreeDimensionalSpatialVector!		3343
input	PlayEvent	playerRotation	ThreeDimensionalSpatialVector!		3344
input	PlayEvent	targetPosition	ThreeDimensionalSpatialVector!		3345
input	PlayEvent	optimalHeading	ThreeDimensionalSpatialVector!		3346
input	PlayEvent	customData	JSONObject		3347
input	PlayFilterInput	taskId	String		3351
input	PlayFilterInput	mode	Float		3352
input	PlayFilterInput	beforeDate	DateTime		3353
input	PlayFilterInput	afterDate	DateTime		3354
input	PlayFilterInput	appId	App		3355
object	PlayManifest	id	ID!		3359
object	PlayManifest	userId	String		3360
object	PlayManifest	studyId	String		3361
object	PlayManifest	taskName	String!		3362
object	PlayManifest	score	Int!		3363
object	PlayManifest	startedAt	DateTime!		3364
object	PlayManifest	endedAt	DateTime		3365
object	PlayManifest	performanceData	JSONObject!		3366
object	PlayManifest	sourceInput	String!		3367
object	PlayManifest	sourceInputVersion	String!		3368
object	PlayManifest	appId	String!		3369
object	PlayManifest	appVersion	String!		3370
object	PlayManifest	sentAt	DateTime!		3371
object	PlayManifest	receivedAt	DateTime		3372
object	PlayManifest	storedInDeltaAt	DateTime		3373
object	PlayManifest	steamId	String		3374
object	PlayManifest	duration	Float		3375
object	PlayManifest	pauseDuration	Float		3376
object	PlayManifest	weaponId	String		3377
object	PlayManifest	modeId	Int		3378
object	PlayManifest	taskId	String		3379
object	PlayManifest	taskVersion	String		3380
object	PlayManifest	mapId	Int		3381
object	PlayManifest	mapVersion	String		3382
object	PlayManifest	analyticsVersion	String		3383
object	PlayManifest	errors	[Int!]		3384
object	PlayManifest	weaponSkin	String		3385
object	PlayManifest	ingestedAt	DateTime		3386
object	PlayManifest	processedAt	DateTime		3387
object	PlayManifest	submittedAt	DateTime		3388
object	PlayManifest	analyticsReceivedAt	DateTime		3389
object	PlayManifest	analyticsIngestedAt	DateTime		3390
object	PlayManifest	analyticsProcessedAt	DateTime		3391
object	PlayManifest	analyticsS3Key	String		3392
object	PlayManifest	inputDevice	[InputDevice!]!		3393
object	PlayManifest	playCosmetics	AimlabPlayCosmetics		3394
object	PlayManifest	isVisible	Boolean		3395
object	PlayManifest	seasonId	String		3396
object	PlayManifest	country	String		3397
object	PlayManifest	region	String		3398
object	PlayManifest	userSettings	UserSettings		3399
object	PlayManifest	replayAvailable	Boolean!		3400
object	PlayManifest	replayUrl	String		3401
object	PlayManifest	user	User		3402
input	PlayMatchChallengeInput	matchChallengeId	ID!		3406
input	PlayMatchChallengeInput	playId	ID!		3407
input	PlayMatchChallengeInput	score	Float!		3408
input	PlayPauseRecord	startedAt	Timestamp!		3412
input	PlayPauseRecord	endedAt	Timestamp!		3413
input	PlayPlayerShotRecord	time	Float!		3417
input	PlayPlayerShotRecord	positionInWorld	ThreeDimensionalSpatialVector!		3418
input	PlayPlayerShotRecord	rotation	ThreeDimensionalSpatialVector!		3419
input	PlayPlayerShotRecord	fov	Float!		3420
object	PlayResultURL	key	String!		3424
object	PlayResultURL	url	String!		3425
input	PlayShotData	player	[PlayPlayerShotRecord!]!		3429
input	PlayShotData	enemies	[PlayEnemyShots!]!		3430
input	PlaystationPlayResult	taskName	String!		3434
input	PlaystationPlayResult	taskId	String		3435
input	PlaystationPlayResult	taskVersion	String		3436
input	PlaystationPlayResult	mode	Int		3437
input	PlaystationPlayResult	map	Int		3438
input	PlaystationPlayResult	score	Float!		3439
input	PlaystationPlayResult	startedAt	Timestamp!		3440
input	PlaystationPlayResult	endedAt	Timestamp!		3441
input	PlaystationPlayResult	sentAt	Timestamp!		3442
input	PlaystationPlayResult	app	App!		3443
input	PlaystationPlayResult	appVersion	String!		3444
input	PlaystationPlayResult	studyId	String		3445
input	PlaystationPlayResult	performanceData	JSONObject		3446
input	PlaystationPlayResult	analyticsVersion	String		3447
input	PlaystationPlayResult	steamId	String		3448
input	PlaystationPlayResult	weaponId	String		3449
input	PlaystationPlayResult	modeId	Int		3450
input	PlaystationPlayResult	mapId	Int		3451
input	PlaystationPlayResult	mapVersion	String		3452
input	PlaystationPlayResult	duration	Float		3453
input	PlaystationPlayResult	pauseDuration	Float		3454
input	PlaystationPlayResult	weaponSkin	String		3455
input	PlaystationPlayResult	inputDevice	[InputDevice!]		3456
input	PlaystationPlayResult	isVisible	Boolean		3457
input	PlaystationPlayResult	seasonId	String		3458
input	PlaystationPlayResult	country	String		3459
input	PlaystationPlayResult	region	String		3460
input	PlaystationPlayResult	deviceId	String		3461
input	PlaystationPlayResult	weaponName	String!		3462
input	PlaystationPlayResult	weaponType	String!		3463
input	PlaystationPlayResult	metaData	AimlabPlayMetaData!		3464
input	PlaystationPlayResult	analyticsPayload	AnalyticsPayload		3465
input	PlaystationPlayResult	userSettings	AimlabUserSettingsInput!		3466
input	PlaystationPlayResult	userSkills	AimlabPlayUserSkills!		3467
input	PlaystationPlayResult	playCosmetics	AimlabPlayCosmeticsInput		3468
input	PlaystationPlayResult	advancedPerformanceData	AimlabPlayAdvancedStatisticsInput		3469
input	PlaystationPlayResult	matchPlaySubmissionInput	[MatchPlaySubmissionInput!]		3470
input	PlaystationPlayResult	aimAssistConfig	ConsoleAimAssistConfig!		3471
input	PlayTarget	id	Float!		3475
input	PlayTarget	type	Float!		3476
input	PlayTarget	spawnTime	Float!		3477
input	PlayTarget	destroyTime	Float!		3478
input	PlayTarget	targetOnScreen	[Float!]!		3479
input	PlayTarget	targetOffScreen	[Float!]!		3480
input	PlayTarget	timeSeries	[PlayTargetTimeSeriesRecord!]!		3481
input	PlayTargetTimeSeriesRecord	time	Float!		3485
input	PlayTargetTimeSeriesRecord	positionInWorld	ThreeDimensionalSpatialVector		3486
input	PlayTargetTimeSeriesRecord	rotation	ThreeDimensionalSpatialVector		3487
input	PlayTargetTimeSeriesRecord	positionOnScreen	TwoDimensionalSpatialVector		3488
input	PlayTargetTimeSeriesRecord	optimalHeading	ThreeDimensionalSpatialVector		3489
input	PlayTargetTimeSeriesRecord	color	RGBAVector		3490
input	PlayTargetTimeSeriesRecord	size	ThreeDimensionalSpatialVector		3491
object	Post	body	String!		3495
object	Post	imageUrl	String!		3496
object	Post	linkUrl	String!		3497
object	ProfanityFilter	word	String!		3501
object	ProfanityFilter	status	String!		3502
input	ProfanityFilterInput	word	String!		3506
input	ProfanityFilterInput	status	String!		3507
object	ProfanityMatches	blacklistMatches	[String!]!		3511
object	ProfanityMatches	whitelistMatches	[String!]!		3512
object	ProfanityMatches	isProfane	Boolean!		3513
enum	ProfileType	Regular			3517
enum	ProfileType	Discord			3518
object	Query	matchChallenge	MatchChallenge	id: ID!	3522
object	Query	matchChallenges	[MatchChallenge!]!	filter: MatchChallengeFilterInput, status: MatchChallengeStatus	3523
object	Query	totalMatchCount	Int!		3529
object	Query	notifications	[Notification!]!	dismissed: Boolean!	3530
object	Query	match	Match	id: ID!	3531
object	Query	matches	MatchConnection!	filter: MatchFilterInput	3532
object	Query	aimlab	Aimlab!		3533
object	Query	listCustomUsers	CustomUsersSourceListResult!	offset: Float!, limit: Float!	3534
object	Query	listFriendRequests	FriendsRequestsResult!	source: FriendRequestSource, type: FriendLinkType!	3535
object	Query	listFriends	FriendsListResult!	source: FriendRequestSource, offset: Int!, limit: Int!	3536
object	Query	aimlabProfile	AimlabProfile	email: String, username: String, anthicId: String	3537
object	Query	aimlabProfiles	AimlabProfilesConnection	filter: AimlabProfileFilterInput!, before: String, after: String, first: Int, last: Int	3538
object	Query	aimlabTasks	[AimlabTask!]!	isUgc: Boolean	3555
object	Query	aimlabTask	AimlabTask	aimlabTaskFetchInput: AimlabTaskFetchInput!	3556
object	Query	apiClients	[ApiClient!]!		3557
object	Query	authors	[Author!]	limit: Int, offset: Int	3558
object	Query	avroSchema	AvroSchema	clientId: App!, version: String!	3559
object	Query	avroSchemas	[AvroSchema!]!		3560
object	Query	brainlabStudies	[BrainlabStudy!]!	fetchStudiesInput: FetchStudiesInput!	3561
object	Query	brainlabStudy	BrainlabStudy	studyId: String!	3562
object	Query	brainlabUserProfile	BrainlabUserProfile		3563
object	Query	battlepass	BattlePass	id: ID!	3564
object	Query	loginStreak	LoginStreak	id: ID!	3565
object	Query	loginStreakPage	LoginStreakPage!	perPage: Int!, appId: App!	3566
object	Query	play	Play	view: Boolean!, playId: ID!	3567
object	Query	playManifest	PlayManifest	view: Boolean!, playId: ID!	3568
object	Query	playsByUserId	[Play!]	appId: String, userId: ID!	3569
object	Query	posts	[Post!]!		3570
object	Query	getProfanityFilterList	[ProfanityFilter!]!		3571
object	Query	getProfanityFilterRecord	ProfanityFilter!	word: String!	3572
object	Query	deaths	[ValorantDeath!]!		3573
object	Query	referralCodes	[ReferralCode!]!		3574
object	Query	verifyReferralCode	ReferralCode	code: String!	3575
object	Query	survey	Survey	surveyId: String!	3576
object	Query	surveys	[Survey!]!	fetchSurveysInput: FetchSurveysInput!	3577
object	Query	surveyConfigurations	SurveyConfigurations!		3578
object	Query	activeUserSurveys	[UserSurvey!]!	app: App!	3579
object	Query	getMobileData	MobileData	extra: [String!], updatedAt: DateTime!	3580
object	Query	viewer	User		3581
object	Query	userSettings	String!		3582
object	Query	geoIp	GeoIP!		3583
object	Query	valorant	Valorant!		3584
object	Query	aimlabUserRank	AimlabUserRank	seasonId: String, anthicId: String!	3585
object	Query	aimlabUserRankSkills	[AimlabUserRankSkill!]!	seasonId: String, skills: [UserRankSkillType!]!, anthicId: String!	3586
object	Query	AIMLConversations	AIMLConversationConnection	pagination: PaginationInput	3587
object	Query	resolveAIMLConversationResponse	AIMLConversationMessage!	conversationId: String!, userPrompt: String, provenanceAmount: Int, contextPrompt: String	3588
object	Query	AIMLPromptSchemas	[AIMLPromptSchema!]!		3589
object	Query	AIMLPromptLayers	[AIMLPromptLayer!]!		3590
object	Query	AIMLCommunityQuestions	[AIMLCommunityQuestion!]!	pageInput: AIMLCommunityQuestionFetchPageInput!	3591
object	Query	AIMLCommunityQuestion	AIMLCommunityQuestion!	id: ID!	3592
object	Query	AIMLCommunityQuestionsPaginated	AIMLCommunityQuestionConnection!	pagination: PaginationInput!	3593
object	Query	AIMLConversationMessages	AIMLConversationMessageConnection!	pagination: PaginationInput!	3594
object	Query	AIMLConversationMessage	AIMLConversationMessage	id: String!	3595
object	Query	agreements	[Agreement!]!	activeOnly: Boolean	3596
object	Query	gridshieldReviews	[GridshieldReview!]!	status: GridshieldReviewStatus	3597
object	Query	gridshieldRules	[GridshieldRule!]!		3598
object	Query	seasons	[AimlabSeason!]!	activeOnly: Boolean	3599
object	Query	season	AimlabSeason!	id: String!	3600
object	Query	seasonalUserProgress	AimlabSeasonUserProgress!	progressType: SeasonalProgressType, username: String!, seasonId: String!	3601
object	Query	universalSensFinderData	UniversalSensFinder!		3602
object	ReferralCode	id	ID!		3606
object	ReferralCode	code	String		3607
object	ReferralCode	name	String!		3608
object	ReferralCode	referralCount	Int!		3609
input	RGBAVector	r	Float!		3613
input	RGBAVector	g	Float!		3614
input	RGBAVector	b	Float!		3615
input	RGBAVector	a	Float!		3616
object	RoundWinExpectancy	winExpectancy	Float!		3620
object	RoundWinExpectancy	roundId	String!		3622
object	RoundWinExpectancy	eventId	String!		3623
object	RoundWinExpectancy	eventType	WinExpectancyEvent!		3624
object	RoundWinExpectancy	eventTimeMs	Int!		3625
object	RoundWinExpectancy	team	String!		3626
enum	Scopes	Admin			3630
enum	Scopes	AdminAvro			3631
enum	Scopes	AdminDiscovery			3632
enum	Scopes	AdminAimlabPlays			3633
enum	Scopes	AdminApiClients			3634
enum	Scopes	AdminBenchmarks			3635
enum	Scopes	AdminBrainlabPlays			3636
enum	Scopes	AdminBundles			3637
enum	Scopes	AdminCommunity			3638
enum	Scopes	AdminCreators			3639
enum	Scopes	AdminCredits			3640
enum	Scopes	AdminDHX			3641
enum	Scopes	AdminGames			3642
enum	Scopes	AdminItems			3643
enum	Scopes	AdminPlays			3644
enum	Scopes	AdminSurveyManagement			3645
enum	Scopes	AdminUsers			3646
enum	Scopes	AdminUsersSupport			3647
enum	Scopes	AdminUsersCurrency			3648
enum	Scopes	AdminAgreements			3649
enum	Scopes	BrainlabAdmin			3650
enum	Scopes	BrainlabUserAdmin			3651
enum	Scopes	Creator			3652
enum	Scopes	CreatorBundleItems			3653
enum	Scopes	CreatorBundles			3654
enum	Scopes	CreatorItems			3655
enum	Scopes	CreatorOwners			3656
enum	Scopes	CreatorPage			3657
enum	Scopes	CreatorUsers			3658
enum	Scopes	DHXPartner			3659
enum	Scopes	Notifications			3660
enum	Scopes	NotificationsList			3661
enum	Scopes	OfflineAccess			3662
enum	Scopes	OpenID			3663
enum	Scopes	Partner			3664
enum	Scopes	PartnerBenchmarks			3665
enum	Scopes	Plays			3666
enum	Scopes	Probase			3667
enum	Scopes	ProbaseAdmin			3668
enum	Scopes	Profiles			3669
enum	Scopes	Referrals			3670
enum	Scopes	ReferralsCreate			3671
enum	Scopes	ReferralsList			3672
enum	Scopes	Tester			3673
enum	Scopes	User			3674
enum	Scopes	UserBundles			3675
enum	Scopes	UserBundlesList			3676
enum	Scopes	UserIdentity			3677
enum	Scopes	UserNotifications			3678
enum	Scopes	UserNotificationsList			3679
enum	Scopes	UserPlays			3680
enum	Scopes	UserProfile			3681
enum	Scopes	Users			3682
enum	Scopes	UserSubmitPlays			3683
enum	Scopes	UserTransactions			3684
enum	Scopes	UserTransactionsCreate			3685
enum	Scopes	UserTransactionsList			3686
enum	Scopes	UserCurrency			3687
enum	Scopes	Impersonate			3688
input	SearchInput	name	String		3692
input	SearchInput	type	String		3693
input	SearchInput	subtype	String		3694
input	SearchInput	sourceId	String		3695
enum	SeasonalProgressType	latest			3702
enum	SeasonalProgressType	best			3703
input	SeasonInput	id	ID!		3707
input	SeasonInput	name	String!		3709
input	SeasonInput	description	String		3710
input	SeasonInput	startDate	DateTime!		3711
input	SeasonInput	endDate	DateTime!		3712
input	SeasonTaskInput	seasonId	ID!		3716
input	SeasonTaskInput	taskId	ID!		3717
input	SeasonTaskInput	sortOrder	Float		3719
input	SeasonTaskInput	weaponId	ID!		3724
input	SeasonTaskInput	modeId	Float		3725
object	SelectableColorBlock	normal	Int!		3729
object	SelectableColorBlock	highlighted	Int!		3730
object	SelectableColorBlock	pressed	Int!		3731
object	SelectableColorBlock	selected	Int!		3732
object	SelectableColorBlock	disabled	Int!		3733
input	SelectableColorBlockInput	normal	Int!		3737
input	SelectableColorBlockInput	highlighted	Int!		3738
input	SelectableColorBlockInput	pressed	Int!		3739
input	SelectableColorBlockInput	selected	Int!		3740
input	SelectableColorBlockInput	disabled	Int!		3741
scalar	SemVer				3744
input	StringCompare	_eq	String		3748
input	StringCompare	_gt	String		3749
input	StringCompare	_ilike	String		3750
input	StringCompare	_in	[String!]		3751
input	StringCompare	_is_null	Boolean		3752
input	StringCompare	_like	String		3753
input	StringCompare	_lt	String		3754
input	StringCompare	_neq	String		3755
input	StringCompare	_nilike	String		3756
input	StringCompare	_nin	[String!]		3757
input	StringCompare	_nlike	String		3758
object	SubmitPlayAnalyticsPayload	success	Boolean!		3762
object	SubmitPlayAnalyticsPayload	errors	[MutationError!]!		3763
object	SubmitPlayAnalyticsPayload	playId	String		3764
object	SubmitPlayResultPayload	success	Boolean!		3768
object	SubmitPlayResultPayload	errors	[MutationError!]!		3769
object	SubmitPlayResultPayload	playId	String		3770
input	SubmitPlayToMatchInput	matchId	ID!		3774
input	SubmitPlayToMatchInput	roundId	ID!		3775
input	SubmitPlayToMatchInput	playId	ID!		3776
object	Survey	id	String!		3780
object	Survey	name	String!		3781
object	Survey	startDate	DateTime		3782
object	Survey	endDate	DateTime		3783
object	Survey	app	App!		3784
object	Survey	tags	[String!]!		3785
object	Survey	frequency	SurveyFrequency!		3786
object	Survey	type	SurveyType!		3787
object	Survey	questions	[SurveyQuestion!]!		3788
object	SurveyConfigurations	surveyFrequencies	[SurveyFrequency!]!		3792
object	SurveyConfigurations	surveyTypes	[SurveyType!]!		3793
object	SurveyConfigurations	surveyOptionTypes	[SurveyQuestionOptionType!]!		3794
object	SurveyFrequency	id	Float!		3798
object	SurveyFrequency	name	String!		3799
input	SurveyInput	name	String!		3803
input	SurveyInput	startDate	DateTime!		3804
input	SurveyInput	endDate	DateTime!		3805
input	SurveyInput	surveyFrequencyId	Int!		3806
input	SurveyInput	surveyTypeId	Int!		3807
input	SurveyInput	app	App!		3808
input	SurveyInput	tags	[String!]!		3809
input	SurveyInput	questions	[SurveyQuestionInput!]!		3810
object	SurveyQuestion	id	String!		3814
object	SurveyQuestion	text	String!		3815
object	SurveyQuestion	orderance	Float!		3816
object	SurveyQuestion	options	[SurveyQuestionOption!]!		3817
input	SurveyQuestionInput	text	String!		3821
input	SurveyQuestionInput	orderance	Int!		3822
input	SurveyQuestionInput	options	[SurveyQuestionOptionInput!]!		3823
object	SurveyQuestionOption	id	String!		3827
object	SurveyQuestionOption	text	String!		3828
object	SurveyQuestionOption	orderance	Float!		3829
object	SurveyQuestionOption	optionType	SurveyQuestionOptionType!		3830
input	SurveyQuestionOptionInput	text	String!		3834
input	SurveyQuestionOptionInput	orderance	Int!		3835
input	SurveyQuestionOptionInput	typeId	Int!		3836
object	SurveyQuestionOptionType	id	Float!		3840
object	SurveyQuestionOptionType	name	String!		3841
input	SurveyQuestionOptionUpdateInput	id	String!		3845
input	SurveyQuestionOptionUpdateInput	text	String		3846
input	SurveyQuestionOptionUpdateInput	orderance	Int		3847
input	SurveyQuestionOptionUpdateInput	typeId	Int		3848
input	SurveyQuestionUpdateInput	id	String!		3852
input	SurveyQuestionUpdateInput	text	String		3853
input	SurveyQuestionUpdateInput	orderance	Int		3854
input	SurveyQuestionUpdateInput	updateOptions	[SurveyQuestionOptionUpdateInput!]		3855
input	SurveyQuestionUpdateInput	addOptions	[SurveyQuestionOptionInput!]		3856
input	SurveyQuestionUpdateInput	deleteOptions	[String!]		3857
object	SurveyType	id	Float!		3861
object	SurveyType	name	String!		3862
input	SurveyUpdateInput	id	String!		3866
input	SurveyUpdateInput	name	String		3867
input	SurveyUpdateInput	startDate	DateTime		3868
input	SurveyUpdateInput	endDate	DateTime		3869
input	SurveyUpdateInput	surveyFrequencyId	Int		3870
input	SurveyUpdateInput	surveyTypeId	Int		3871
input	SurveyUpdateInput	app	App		3872
input	SurveyUpdateInput	tags	[String!]		3873
input	SurveyUpdateInput	updateQuestions	[SurveyQuestionUpdateInput!]		3874
input	SurveyUpdateInput	addQuestions	[SurveyQuestionInput!]		3875
input	SurveyUpdateInput	deleteQuestions	[String!]		3876
object	TaskAsset	id	ID!		3880
object	TaskAsset	type	String!		3881
object	TaskAsset	subtype	String		3882
object	TaskAsset	source	TaskAssetSource		3883
object	TaskAsset	sourceId	String		3884
object	TaskAsset	authorId	String		3885
object	TaskAsset	sourceAuthorId	String		3886
object	TaskAsset	name	String!		3887
object	TaskAsset	description	String		3888
object	TaskAsset	imageUrl	String		3889
object	TaskAsset	currentVersion	String		3890
object	TaskAsset	fileSize	Int		3891
object	TaskAsset	s3Bucket	String!		3892
object	TaskAsset	s3Key	String!		3893
object	TaskAsset	createdAt	DateTime!		3894
object	TaskAsset	modifiedAt	DateTime		3895
object	TaskAsset	signedUrl	String!		3896
object	TaskAsset	author	AimlabProfile		3897
enum	TaskAssetSource	steam			3901
object	Theme	primary	Int!		3905
object	Theme	primaryVariant	Int!		3906
object	Theme	primaryButton	ButtonTheme!		3907
object	Theme	secondary	Int!		3908
object	Theme	secondaryVariant	Int!		3909
object	Theme	secondaryButton	ButtonTheme!		3910
object	Theme	text	Int!		3911
input	ThemeInput	primary	Int!		3915
input	ThemeInput	primaryVariant	Int!		3916
input	ThemeInput	primaryButton	ButtonThemeInput!		3917
input	ThemeInput	secondary	Int!		3918
input	ThemeInput	secondaryVariant	Int!		3919
input	ThemeInput	secondaryButton	ButtonThemeInput!		3920
input	ThemeInput	text	Int!		3921
input	ThreeDimensionalSpatialVector	x	Float!		3925
input	ThreeDimensionalSpatialVector	y	Float!		3926
input	ThreeDimensionalSpatialVector	z	Float!		3927
scalar	Timestamp				3930
object	Title	slug	String!		3936
object	TrainingStreak	startDate	String		3940
object	TrainingStreak	endDate	String		3941
object	TrainingStreak	value	Float!		3942
input	TwoDimensionalSpatialVector	x	Float!		3946
input	TwoDimensionalSpatialVector	y	Float!		3947
object	UniversalSensFinder	weekly	UniversalSensFinderDataConnection!	input: UniversalSensFinderDataQueryInput!	3951
object	UniversalSensFinder	yearly	UniversalSensFinderDataConnection!	input: UniversalSensFinderDataQueryInput!	3952
object	UniversalSensFinder	allTime	UniversalSensFinderDataConnection!	input: UniversalSensFinderDataQueryInput!	3953
object	UniversalSensFinderData	id	ID!		3957
object	UniversalSensFinderData	taskMode	Int!		3958
object	UniversalSensFinderData	taskName	String!		3959
object	UniversalSensFinderData	date	DateTime!		3960
object	UniversalSensFinderData	bestSensitivity	Float!		3961
object	UniversalSensFinderData	chunkScore	Float!		3962
object	UniversalSensFinderData	runHistory	JSONObject!		3963
object	UniversalSensFinderData	userId	String!		3964
object	UniversalSensFinderDataConnection	edges	[UniversalSensFinderDataEdge]		3968
object	UniversalSensFinderDataConnection	pageInfo	ConnectionPageInfo!		3971
object	UniversalSensFinderDataConnection	totalCount	Int!		3974
object	UniversalSensFinderDataEdge	node	UniversalSensFinderData!		3979
object	UniversalSensFinderDataEdge	cursor	String!		3982
input	UniversalSensFinderDataFilterInput	taskMode	Int!		3987
input	UniversalSensFinderDataFilterInput	taskName	String!		3988
input	UniversalSensFinderDataInput	taskMode	Int!		3992
input	UniversalSensFinderDataInput	taskName	String!		3993
input	UniversalSensFinderDataInput	date	DateTime!		3994
input	UniversalSensFinderDataInput	bestSensitivity	Float!		3995
input	UniversalSensFinderDataInput	chunkScore	Float!		3996
input	UniversalSensFinderDataInput	runHistory	JSONObject!		3997
input	UniversalSensFinderDataQueryInput	filter	UniversalSensFinderDataFilterInput!		4001
input	UniversalSensFinderDataQueryInput	pagination	PaginationInput!		4002
input	UpdateAimlabCosmeticsInput	badgeSlug	String		4006
input	UpdateAimlabCosmeticsInput	avatarSlug	String		4007
input	UpdateAimlabCosmeticsInput	titleSlug	String		4008
input	UpdateAimlabCosmeticsInput	userId	ID!		4009
input	UpdateCurrentUserAimlabCosmeticsInput	badgeSlug	String		4013
input	UpdateCurrentUserAimlabCosmeticsInput	avatarSlug	String		4014
input	UpdateCurrentUserAimlabCosmeticsInput	titleSlug	String		4015
scalar	Upload				4018
object	User	lastLogin	String		4022
object	User	ip	String		4023
object	User	steam_id	String		4024
object	User	createDate	String		4025
object	User	createdAt	DateTime		4026
object	User	id	ID!		4027
object	User	guest	Boolean		4028
object	User	isGuest	Boolean!		4029
object	User	playfabID	String!		4030
object	User	username	String		4031
object	User	aimlabProfile	AimlabProfile!		4032
object	User	scopes	[Scopes!]!		4033
object	User	userAgreements	[UserAgreement!]!		4035
object	User	email	String!		4037
object	User	plays	PlayConnection	filter: PlayFilterInput, before: String, after: String, first: Int, last: Int	4038
object	User	identities	[UserIdentity!]!	source: String	4055
object	User	benchmarkPerformance	BenchmarkPerformance	benchmarkId: ID!	4056
object	User	isAdmin	Boolean!		4057
object	User	currency	Float		4058
object	User	items	[OwnedItem!]!	itemId: ID	4059
object	User	valorantProfile	ValorantProfile		4060
object	User	usage	AIMLUsage!		4061
object	User	gridshieldBans	[GridshieldBan!]!		4062
object	User	gridshieldDisqualifications	[GridshieldDisqualification!]!		4063
object	UserAgreement	userId	String!		4067
object	UserAgreement	agreementId	String!		4068
object	UserAgreement	ip	String!		4069
object	UserAgreement	country	String!		4070
object	UserAgreement	region	String		4071
object	UserAgreement	createdAt	DateTime!		4072
object	UserAgreement	updatedAt	DateTime		4073
object	UserAgreement	agreement	Agreement!		4074
input	UserCurrencyInput	amount	Float!		4078
input	UserCurrencyInput	anthicId	String!		4079
object	UserIdentity	source	String!		4083
object	UserIdentity	id	String!		4084
object	UserIdentity	userMetadata	UserIdentityMetadata!		4085
object	UserIdentity	username	String		4086
object	UserIdentity	user	User!		4087
object	UserIdentityMetadata	email	String		4091
object	UserIdentityMetadata	region	String		4092
object	UserIdentityMetadata	lastTagLine	String		4093
object	UserIdentityMetadata	lastGameName	String		4094
object	UserIdentityMetadata	lastGameStartMillis	Float		4095
object	UserIdentityMetadata	lastGameMode	String		4096
object	UserIdentityMetadata	lastCharacterId	String		4097
object	UserIdentityMetadata	lastCompetitiveTier	Float		4098
object	UserIdentityMetadata	lastPlayerCardId	String		4099
object	UserIdentityMetadata	lastPlayerTitleId	String		4100
object	UserIdentityMetadata	lastSeasonId	String		4101
object	UserIdentityMetadata	sessionTicket	String		4102
object	UserIdentityMetadata	lastGameModeName	String		4103
object	UserIdentityMetadata	lastCharacter	String		4104
object	UserIdentityMetadata	lastRankName	String		4105
object	UserIdentityMetadata	lastRankId	String		4106
object	UserLoginStreakClaimInfo	claimedToday	Boolean!		4110
object	UserLoginStreakClaimInfo	latest	LoginStreakClaim		4111
object	UserLoginStreakClaimInfo	next	LoginStreak		4112
enum	UserLoginStreakRewardType	ITEM			4117
enum	UserLoginStreakRewardType	HARDCURRENCY			4118
enum	UserLoginStreakRewardType	SOFTCURRENCY			4119
enum	UserLoginStreakRewardType	XP			4120
enum	UserRankSkillType	SWITCHING			4124
enum	UserRankSkillType	FLICKING			4125
enum	UserRankSkillType	TRACKING			4126
object	UserSettings	id	ID!		4130
object	UserSettings	settings	JSONObject!		4131
object	UserSettings	appId	String!		4132
object	UserSettings	appVersion	String!		4133
input	UserSettingsVectorInput	x	Float!		4137
input	UserSettingsVectorInput	y	Float!		4138
object	UserSurvey	id	String!		4142
object	UserSurvey	userId	String!		4143
object	UserSurvey	provisionedAt	DateTime!		4144
object	UserSurvey	completedAt	DateTime		4145
object	UserSurvey	surveyId	String!		4146
object	UserSurvey	questions	[SurveyQuestion!]!		4147
object	UserSurvey	answers	[UserSurveyAnswer!]!		4148
object	UserSurvey	survey	Survey!		4149
enum	UserSurveyAbortReason	CANCELLED			4153
enum	UserSurveyAbortReason	QUIT			4154
object	UserSurveyAnswer	id	String!		4158
object	UserSurveyAnswer	questionText	String!		4159
object	UserSurveyAnswer	responseText	String!		4160
object	UserSurveyAnswer	receivedAt	DateTime!		4161
object	UserSurveyAnswer	meta	JSONObject!		4162
object	Valorant	kills	ValorantKillConnection!	order_by: ValorantKillOrderBy, where: ValorantKillWhere!, offset: Int!, limit: Int!	4166
object	Valorant	kills_agg	[ValorantKillAgg!]!	where: ValorantKillWhere!	4167
object	Valorant	bomb_plants	ValorantBombPlantConnection!	order_by: ValorantBombPlantOrderBy, where: ValorantBombPlantWhere!, offset: Int!, limit: Int!	4168
object	Valorant	bomb_defuses	ValorantBombDefuseConnection!	order_by: ValorantBombDefuseOrderBy, where: ValorantBombDefuseWhere!, offset: Int!, limit: Int!	4169
object	Valorant	team_rounds	ValorantTeamRoundConnection!	order_by: ValorantTeamRoundOrderBy, where: ValorantTeamRoundWhere!, offset: Int!, limit: Int!	4170
object	Valorant	player_rounds	ValorantPlayerRoundConnection!	order_by: ValorantPlayerRoundOrderBy, where: ValorantPlayerRoundWhere!, offset: Int!, limit: Int!	4171
object	Valorant	player_rounds_agg	[ValorantPlayerRoundAgg!]!	where: ValorantPlayerRoundWhere!	4172
object	Valorant	team_matches	ValorantTeamMatchConnection!	order_by: ValorantTeamMatchOrderBy, where: ValorantTeamMatchWhere!, offset: Int!, limit: Int!	4173
object	Valorant	player_matches	ValorantPlayerMatchConnection!	order_by: ValorantPlayerMatchOrderBy, where: ValorantPlayerMatchWhere!, offset: Int!, limit: Int!	4174
object	Valorant	player_matches_agg	[ValorantPlayerMatchAgg!]!	where: ValorantPlayerMatchWhere!	4175
object	Valorant	playerPerformance	PlayerPerformance!	input: PlayerPerformanceInput!	4176
object	Valorant	playerPerformanceByMatch	PlayerPerformanceMatchStatsConnection!	orderBy: PlayerPerformanceOrderBy, where: PlayerPerformanceWhere, input: PlayerPerformanceInput!, offset: Int!, limit: Int!	4177
object	Valorant	matchPerformanceByPlayer	[MatchPerformanceByPlayer!]!	gameModes: [String!]!, playerIds: [String!]!, matchId: String!, region: String!	4178
object	Valorant	recentPlayerCard	ValorantPlayerCard	playerId: String!, region: String!	4179
object	Valorant	playerRecords	PlayerRecords!	region: String!, playerId: String!	4180
object	Valorant	matchWinExpectancy	[MatchWinExpectancy!]!	region: String!, playerId: String!, matchId: String!	4181
object	Valorant	roundWinExpectancy	[RoundWinExpectancy!]!	roundId: String, region: String!, playerId: String!, matchId: String!	4182
object	Valorant	agents	[ValorantAgent!]!		4183
object	Valorant	abilities	[ValorantAbility!]!		4184
object	Valorant	maps	[ValorantMap!]!		4185
object	Valorant	weapons	[ValorantWeapon!]!		4186
object	Valorant	armor	[ValorantArmor!]!		4187
object	Valorant	competitiveTiers	[ValorantCompetitiveTier!]!		4188
object	Valorant	episodes	[ValorantEpisode!]!		4189
object	ValorantAbility	id	String!		4193
object	ValorantAbility	currentVersionId	String!		4194
object	ValorantAbility	currentVersion	ValorantAbilityVersion!		4195
object	ValorantAbility	displayName	String!		4196
object	ValorantAbility	description	String!		4197
object	ValorantAbility	slot	ValorantAbilitySlot!		4198
object	ValorantAbility	type	ValorantAbilityType!		4199
object	ValorantAbility	agentId	String!		4200
object	ValorantAbility	agent	ValorantAgent!		4201
enum	ValorantAbilitySlot	none			4205
enum	ValorantAbilitySlot	free			4206
enum	ValorantAbilitySlot	passive			4207
enum	ValorantAbilitySlot	signature			4208
enum	ValorantAbilitySlot	standard			4209
enum	ValorantAbilitySlot	ultimate			4210
enum	ValorantAbilityType	Ability1			4215
enum	ValorantAbilityType	Ability2			4216
enum	ValorantAbilityType	Grenade			4217
enum	ValorantAbilityType	Ultimate			4218
enum	ValorantAbilityType	Passive			4219
object	ValorantAbilityVersion	id	String!		4223
object	ValorantAbilityVersion	abilityId	String!		4224
object	ValorantAbilityVersion	ability	ValorantAbility!		4225
object	ValorantAbilityVersion	patch	String		4226
object	ValorantAbilityVersion	patchNotes	String		4227
object	ValorantAbilityVersion	iconUrl	String!		4228
object	ValorantAct	id	String!		4232
object	ValorantAct	episodeId	String!		4233
object	ValorantAct	episode	ValorantEpisode!		4234
object	ValorantAct	externalId	String!		4235
object	ValorantAct	name	String!		4236
object	ValorantAct	competitiveTiers	[ValorantCompetitiveTier!]!		4237
object	ValorantAgent	id	String!		4241
object	ValorantAgent	externalId	String!		4242
object	ValorantAgent	currentVersionId	String!		4243
object	ValorantAgent	currentVersion	ValorantAgentVersion!		4244
object	ValorantAgent	developerName	String!		4245
object	ValorantAgent	displayName	String!		4246
object	ValorantAgent	roleId	String!		4247
object	ValorantAgent	role	ValorantAgentRole!		4248
object	ValorantAgent	abilities	[ValorantAbility!]!		4249
object	ValorantAgentRole	id	String!		4253
object	ValorantAgentRole	externalId	String!		4254
object	ValorantAgentRole	displayName	String!		4255
object	ValorantAgentRole	iconUrl	String!		4256
object	ValorantAgentVersion	id	String!		4260
object	ValorantAgentVersion	agentId	String!		4261
object	ValorantAgentVersion	agent	ValorantAgent!		4262
object	ValorantAgentVersion	patch	String		4263
object	ValorantAgentVersion	patchNotes	String		4264
object	ValorantAgentVersion	avatarUrl	String!		4265
object	ValorantAgentVersion	fullPortraitUrl	String!		4266
object	ValorantArmor	id	String!		4270
object	ValorantArmor	externalId	String!		4271
object	ValorantArmor	currentVersionId	String!		4272
object	ValorantArmor	currentVersion	ValorantArmorVersion!		4273
object	ValorantArmor	displayName	String!		4274
object	ValorantArmorVersion	id	String!		4278
object	ValorantArmorVersion	armorId	String!		4279
object	ValorantArmorVersion	armor	ValorantArmor!		4280
object	ValorantArmorVersion	patch	String		4281
object	ValorantArmorVersion	patchNotes	String		4282
object	ValorantArmorVersion	iconUrl	String!		4283
object	ValorantBombDefuse	id	String!		4287
object	ValorantBombDefuse	created_at	LuxonDateTime!		4288
object	ValorantBombDefuse	region	String!		4289
object	ValorantBombDefuse	match_id	String!		4290
object	ValorantBombDefuse	game_mode	String!		4291
object	ValorantBombDefuse	map_id	String!		4292
object	ValorantBombDefuse	season_id	String!		4293
object	ValorantBombDefuse	queue_id	String!		4294
object	ValorantBombDefuse	is_ranked	Boolean!		4295
object	ValorantBombDefuse	round_id	String!		4296
object	ValorantBombDefuse	round_num	Int!		4297
object	ValorantBombDefuse	period	Int!		4298
object	ValorantBombDefuse	round_type	String!		4299
object	ValorantBombDefuse	buy_type	String!		4300
object	ValorantBombDefuse	opp_buy_type	String!		4301
object	ValorantBombDefuse	loadout_type	String!		4302
object	ValorantBombDefuse	opp_loadout_type	String!		4303
object	ValorantBombDefuse	round_length_ms	Int!		4304
object	ValorantBombDefuse	result_type	String!		4305
object	ValorantBombDefuse	winning_team	String!		4306
object	ValorantBombDefuse	did_win_round	Boolean!		4307
object	ValorantBombDefuse	round_time_ms	Int!		4308
object	ValorantBombDefuse	team	String!		4309
object	ValorantBombDefuse	lineup_id	String		4310
object	ValorantBombDefuse	opp_lineup_id	String		4311
object	ValorantBombDefuse	team_player_ids	[String!]!		4312
object	ValorantBombDefuse	team_player_character_ids	[String!]!		4313
object	ValorantBombDefuse	team_player_locations	[[Int!]!]!		4314
object	ValorantBombDefuse	team_player_yaws	[Float!]!		4315
object	ValorantBombDefuse	team_player_loadout_values	[Int!]!		4316
object	ValorantBombDefuse	team_player_competitive_tiers	[Int!]!		4317
object	ValorantBombDefuse	opp_player_ids	[String!]!		4318
object	ValorantBombDefuse	opp_player_character_ids	[String!]!		4319
object	ValorantBombDefuse	opp_player_locations	[[Int!]!]!		4320
object	ValorantBombDefuse	opp_player_yaws	[Float!]!		4321
object	ValorantBombDefuse	opp_player_loadout_values	[Int!]!		4322
object	ValorantBombDefuse	opp_player_competitive_tiers	[Int!]!		4323
object	ValorantBombDefuse	plant_site	String!		4324
object	ValorantBombDefuse	plant_location	[Int]!		4325
object	ValorantBombDefuse	defuse_time_ms	Int!		4326
object	ValorantBombDefuse	defuser_id	String!		4327
object	ValorantBombDefuse	defuser_character_id	String!		4328
object	ValorantBombDefuse	defuser_weapon_id	String		4329
object	ValorantBombDefuse	defuser_armor_id	String		4330
object	ValorantBombDefuse	defuser_location	[Int]!		4331
object	ValorantBombDefuse	defuser_yaw	[Float!]!		4332
object	ValorantBombDefuse	defuser_loadout_value	Int!		4333
object	ValorantBombDefuse	defuser_competitive_tier	Int!		4334
object	ValorantBombDefuseConnection	totalCount	Int!		4338
object	ValorantBombDefuseConnection	edges	[ValorantBombDefuseEdge!]!		4339
object	ValorantBombDefuseConnection	pageInfo	PageInfo!		4340
object	ValorantBombDefuseEdge	cursor	String		4344
object	ValorantBombDefuseEdge	node	ValorantBombDefuse!		4345
input	ValorantBombDefuseOrderBy	defuser_id	OrderBy		4349
input	ValorantBombDefuseOrderBy	game_mode	OrderBy		4350
input	ValorantBombDefuseOrderBy	defuser_character_id	OrderBy		4351
input	ValorantBombDefuseOrderBy	map_id	OrderBy		4352
input	ValorantBombDefuseOrderBy	id	OrderBy		4353
input	ValorantBombDefuseWhere	team	StringCompare		4357
input	ValorantBombDefuseWhere	lineup_id	StringCompare		4358
input	ValorantBombDefuseWhere	opp_lineup_id	StringCompare		4359
input	ValorantBombDefuseWhere	region	StringCompare		4360
input	ValorantBombDefuseWhere	match_id	StringCompare		4361
input	ValorantBombDefuseWhere	game_mode	StringCompare		4362
input	ValorantBombDefuseWhere	map_id	StringCompare		4363
input	ValorantBombDefuseWhere	season_id	StringCompare		4364
input	ValorantBombDefuseWhere	queue_id	StringCompare		4365
input	ValorantBombDefuseWhere	is_ranked	BoolCompare		4366
input	ValorantBombDefuseWhere	plant_site	StringCompare		4367
input	ValorantBombDefuseWhere	defuser_id	StringCompare		4368
input	ValorantBombDefuseWhere	defuser_character_id	StringCompare		4369
object	ValorantBombPlant	id	String!		4373
object	ValorantBombPlant	created_at	LuxonDateTime!		4374
object	ValorantBombPlant	region	String!		4375
object	ValorantBombPlant	match_id	String!		4376
object	ValorantBombPlant	game_mode	String!		4377
object	ValorantBombPlant	map_id	String!		4378
object	ValorantBombPlant	season_id	String!		4379
object	ValorantBombPlant	queue_id	String!		4380
object	ValorantBombPlant	is_ranked	Boolean!		4381
object	ValorantBombPlant	round_id	String!		4382
object	ValorantBombPlant	round_num	Int!		4383
object	ValorantBombPlant	period	Int!		4384
object	ValorantBombPlant	round_type	String!		4385
object	ValorantBombPlant	buy_type	String!		4386
object	ValorantBombPlant	opp_buy_type	String!		4387
object	ValorantBombPlant	loadout_type	String!		4388
object	ValorantBombPlant	opp_loadout_type	String!		4389
object	ValorantBombPlant	round_length_ms	Int!		4390
object	ValorantBombPlant	result_type	String!		4391
object	ValorantBombPlant	winning_team	String!		4392
object	ValorantBombPlant	did_win_round	Boolean!		4393
object	ValorantBombPlant	round_time_ms	Int!		4394
object	ValorantBombPlant	team	String!		4395
object	ValorantBombPlant	lineup_id	String		4396
object	ValorantBombPlant	opp_lineup_id	String		4397
object	ValorantBombPlant	team_player_ids	[String!]!		4398
object	ValorantBombPlant	team_player_character_ids	[String!]!		4399
object	ValorantBombPlant	team_player_locations	[[Int!]!]!		4400
object	ValorantBombPlant	team_player_yaws	[Float!]!		4401
object	ValorantBombPlant	team_player_loadout_values	[Int!]!		4402
object	ValorantBombPlant	team_player_competitive_tiers	[Int!]!		4403
object	ValorantBombPlant	opp_player_ids	[String!]!		4404
object	ValorantBombPlant	opp_player_character_ids	[String!]!		4405
object	ValorantBombPlant	opp_player_locations	[[Int!]!]!		4406
object	ValorantBombPlant	opp_player_yaws	[Float!]!		4407
object	ValorantBombPlant	opp_player_loadout_values	[Int!]!		4408
object	ValorantBombPlant	opp_player_competitive_tiers	[Int!]!		4409
object	ValorantBombPlant	plant_site	String!		4410
object	ValorantBombPlant	plant_location	[Int]!		4411
object	ValorantBombPlant	plant_time_ms	Int!		4412
object	ValorantBombPlant	planter_id	String!		4413
object	ValorantBombPlant	planter_character_id	String!		4414
object	ValorantBombPlant	planter_weapon_id	String		4415
object	ValorantBombPlant	planter_armor_id	String		4416
object	ValorantBombPlant	planter_location	[Int!]!		4417
object	ValorantBombPlant	planter_yaw	[Float!]!		4418
object	ValorantBombPlant	planter_loadout_value	Int!		4419
object	ValorantBombPlant	planter_competitive_tier	Int!		4420
object	ValorantBombPlantConnection	totalCount	Int!		4424
object	ValorantBombPlantConnection	edges	[ValorantBombPlantEdge!]!		4425
object	ValorantBombPlantConnection	pageInfo	PageInfo!		4426
object	ValorantBombPlantEdge	cursor	String		4430
object	ValorantBombPlantEdge	node	ValorantBombPlant!		4431
input	ValorantBombPlantOrderBy	planter_id	OrderBy		4435
input	ValorantBombPlantOrderBy	game_mode	OrderBy		4436
input	ValorantBombPlantOrderBy	planter_character_id	OrderBy		4437
input	ValorantBombPlantOrderBy	map_id	OrderBy		4438
input	ValorantBombPlantOrderBy	id	OrderBy		4439
input	ValorantBombPlantWhere	team	StringCompare		4443
input	ValorantBombPlantWhere	lineup_id	StringCompare		4444
input	ValorantBombPlantWhere	opp_lineup_id	StringCompare		4445
input	ValorantBombPlantWhere	region	StringCompare		4446
input	ValorantBombPlantWhere	match_id	StringCompare		4447
input	ValorantBombPlantWhere	game_mode	StringCompare		4448
input	ValorantBombPlantWhere	map_id	StringCompare		4449
input	ValorantBombPlantWhere	season_id	StringCompare		4450
input	ValorantBombPlantWhere	queue_id	StringCompare		4451
input	ValorantBombPlantWhere	is_ranked	BoolCompare		4452
input	ValorantBombPlantWhere	plant_site	StringCompare		4453
input	ValorantBombPlantWhere	planter_id	StringCompare		4454
input	ValorantBombPlantWhere	planter_character_id	StringCompare		4455
object	ValorantCompetitiveTier	id	String!		4459
object	ValorantCompetitiveTier	displayName	String!		4460
object	ValorantCompetitiveTier	iconUrl	String!		4461
object	ValorantCompetitiveTier	order	Int!		4463
object	ValorantCompetitiveTier	rank	ValorantCompetitiveTierRank!		4465
object	ValorantCompetitiveTier	rankLevel	Int!		4467
object	ValorantCompetitiveTier	competitiveTier	Int!		4469
object	ValorantCompetitiveTier	actId	String!		4470
object	ValorantCompetitiveTier	act	ValorantAct!		4471
enum	ValorantCompetitiveTierRank	UNRANKED			4475
enum	ValorantCompetitiveTierRank	IRON			4476
enum	ValorantCompetitiveTierRank	BRONZE			4477
enum	ValorantCompetitiveTierRank	SILVER			4478
enum	ValorantCompetitiveTierRank	GOLD			4479
enum	ValorantCompetitiveTierRank	PLATINUM			4480
enum	ValorantCompetitiveTierRank	DIAMOND			4481
enum	ValorantCompetitiveTierRank	ASCENDANT			4482
enum	ValorantCompetitiveTierRank	IMMORTAL			4483
enum	ValorantCompetitiveTierRank	RADIANT			4484
object	ValorantDeath	mapId	String!		4488
object	ValorantDeath	gameVersion	String!		4489
object	ValorantDeath	title	String!		4490
object	ValorantDeath	killId	String!		4491
object	ValorantDeath	killedAt	DateTime!		4492
object	ValorantDeath	killer	ValorantPlayer!		4493
object	ValorantDeath	killerTeammates	[ValorantPlayer!]!		4494
object	ValorantDeath	victim	ValorantPlayer!		4495
object	ValorantDeath	victimTeammates	[ValorantPlayer!]!		4496
object	ValorantDeath	roundId	String!		4497
object	ValorantDeath	roundNum	Float!		4498
object	ValorantEpisode	id	String!		4502
object	ValorantEpisode	externalId	String!		4503
object	ValorantEpisode	name	String!		4504
object	ValorantEpisode	acts	[ValorantAct!]!		4505
object	ValorantGameEvent	mapId	String!		4509
object	ValorantGameEvent	gameVersion	String!		4510
object	ValorantGameEvent	matchId	String!		4511
object	ValorantGameEvent	gameStartedAt	DateTime!		4512
object	ValorantGameEvent	region	String!		4513
object	ValorantGameEvent	title	String!		4514
object	ValorantGameEvent	deaths	[ValorantDeath!]!		4515
object	ValorantKill	id	String		4519
object	ValorantKill	created_at	LuxonDateTime		4520
object	ValorantKill	region	String		4521
object	ValorantKill	match_id	String		4522
object	ValorantKill	game_mode	String		4523
object	ValorantKill	map_id	String		4524
object	ValorantKill	season_id	String		4525
object	ValorantKill	queue_id	String		4526
object	ValorantKill	is_ranked	Boolean		4527
object	ValorantKill	round_id	String		4528
object	ValorantKill	round_num	Int		4529
object	ValorantKill	period	Int		4530
object	ValorantKill	round_type	String		4531
object	ValorantKill	buy_type	String		4532
object	ValorantKill	opp_buy_type	String		4533
object	ValorantKill	loadout_type	String		4534
object	ValorantKill	opp_loadout_type	String		4535
object	ValorantKill	round_length_ms	Float		4536
object	ValorantKill	result_type	String		4537
object	ValorantKill	winning_team	String		4538
object	ValorantKill	did_win_round	Boolean		4539
object	ValorantKill	time	LuxonDateTime		4540
object	ValorantKill	game_time_ms	Float		4541
object	ValorantKill	round_time_ms	Float		4542
object	ValorantKill	team	String		4543
object	ValorantKill	lineup_id	String		4544
object	ValorantKill	opp_lineup_id	String		4545
object	ValorantKill	team_player_ids	[String!]		4546
object	ValorantKill	team_player_character_ids	[String!]		4547
object	ValorantKill	team_player_locations	[[Int!]!]		4548
object	ValorantKill	team_player_yaws	[Float!]		4549
object	ValorantKill	team_player_loadout_values	[Int!]		4550
object	ValorantKill	team_player_competitive_tiers	[Int!]		4551
object	ValorantKill	opp_player_ids	[String!]		4552
object	ValorantKill	opp_player_character_ids	[String!]		4553
object	ValorantKill	opp_player_locations	[[Int!]!]		4554
object	ValorantKill	opp_player_yaws	[Float!]		4555
object	ValorantKill	opp_player_loadout_values	[Int!]		4556
object	ValorantKill	opp_player_competitive_tiers	[Int!]		4557
object	ValorantKill	is_bomb_planted	Boolean		4558
object	ValorantKill	plant_site	String		4559
object	ValorantKill	plant_location	[Int!]		4560
object	ValorantKill	plant_player_id	String		4561
object	ValorantKill	plant_time_ms	Float		4562
object	ValorantKill	engagement_id	String		4563
object	ValorantKill	killer_id	String		4564
object	ValorantKill	killer_character_id	String		4565
object	ValorantKill	killer_weapon_id	String		4566
object	ValorantKill	killer_armor_id	String		4567
object	ValorantKill	killer_location	[Int!]		4568
object	ValorantKill	killer_yaw	Float		4569
object	ValorantKill	killer_loadout_value	Float		4570
object	ValorantKill	killer_competitive_tier	Float		4571
object	ValorantKill	victim_id	String		4572
object	ValorantKill	victim_character_id	String		4573
object	ValorantKill	victim_weapon_id	String		4574
object	ValorantKill	victim_armor_id	String		4575
object	ValorantKill	victim_location	[Int!]		4576
object	ValorantKill	victim_loadout_value	Float		4577
object	ValorantKill	victim_competitive_tier	Float		4578
object	ValorantKill	assister_ids	[String!]		4579
object	ValorantKill	damage_type	String		4580
object	ValorantKill	damage_item	String		4581
object	ValorantKill	is_secondary_fire_mode	Boolean		4582
object	ValorantKill	round_kill	Float		4583
object	ValorantKill	team_round_kill	Float		4584
object	ValorantKill	player_round_kill	Float		4585
object	ValorantKill	is_ff_kill	Boolean		4586
object	ValorantKill	is_trade_kill	Boolean		4587
object	ValorantKill	damage_item_name	String		4588
object	ValorantKill	game_mode_name	String		4589
object	ValorantKill	killer_armor_name	String		4590
object	ValorantKill	killer_character_name	String		4591
object	ValorantKill	killer_rank_id	String		4592
object	ValorantKill	killer_weapon_name	String		4593
object	ValorantKill	map_name	String		4594
object	ValorantKill	season_name	String		4595
object	ValorantKill	victim_armor_name	String		4596
object	ValorantKill	victim_character_name	String		4597
object	ValorantKill	victim_rank_id	String		4598
object	ValorantKill	victim_weapon_name	String		4599
object	ValorantKill	side	ClickhouseSide!		4600
object	ValorantKillAgg	aggregate	ValorantKillAggFields		4604
object	ValorantKillAgg	group_by	ValorantKillGroupFields		4605
object	ValorantKillAggFields	avg	ValorantKillAvgFields!		4609
object	ValorantKillAggFields	max	ValorantKillMaxFields!		4610
object	ValorantKillAggFields	min	ValorantKillMinFields!		4611
object	ValorantKillAggFields	sum	ValorantKillSumFields!		4612
object	ValorantKillAggFields	stddev	ValorantKillStdDevFields!		4613
object	ValorantKillAggFields	uniq	ValorantKillUniqFields!		4614
object	ValorantKillAggFields	count	Float		4615
object	ValorantKillAvgFields	round_time_ms	Float		4619
object	ValorantKillAvgFields	killer_loadout_value	Float		4620
object	ValorantKillAvgFields	victim_loadout_value	Float		4621
object	ValorantKillAvgFields	victim_competitive_tier	Float		4622
object	ValorantKillAvgFields	round_kill	Float		4623
object	ValorantKillAvgFields	team_round_kill	Float		4624
object	ValorantKillAvgFields	player_round_kill	Float		4625
object	ValorantKillConnection	totalCount	Int!		4629
object	ValorantKillConnection	edges	[ValorantKillEdge!]!		4630
object	ValorantKillConnection	pageInfo	PageInfo!		4631
object	ValorantKillEdge	cursor	String		4635
object	ValorantKillEdge	node	ValorantKill!		4636
object	ValorantKillGroupFields	region	String		4640
object	ValorantKillGroupFields	match_id	String		4641
object	ValorantKillGroupFields	game_mode	String		4642
object	ValorantKillGroupFields	game_mode_name	String		4643
object	ValorantKillGroupFields	map_id	String		4644
object	ValorantKillGroupFields	map_name	String		4645
object	ValorantKillGroupFields	season_id	String		4646
object	ValorantKillGroupFields	season_name	String		4647
object	ValorantKillGroupFields	queue_id	String		4648
object	ValorantKillGroupFields	period	Int		4649
object	ValorantKillGroupFields	round_type	String		4650
object	ValorantKillGroupFields	result_type	String		4651
object	ValorantKillGroupFields	did_win_round	Boolean		4652
object	ValorantKillGroupFields	team	String		4653
object	ValorantKillGroupFields	is_bomb_planted	Boolean		4654
object	ValorantKillGroupFields	plant_site	String		4655
object	ValorantKillGroupFields	killer_id	String		4656
object	ValorantKillGroupFields	killer_character_id	String		4657
object	ValorantKillGroupFields	killer_character_name	String		4658
object	ValorantKillGroupFields	killer_weapon_id	String		4659
object	ValorantKillGroupFields	killer_weapon_name	String		4660
object	ValorantKillGroupFields	victim_character_id	String		4661
object	ValorantKillGroupFields	victim_character_name	String		4662
object	ValorantKillGroupFields	victim_weapon_id	String		4663
object	ValorantKillGroupFields	victim_weapon_name	String		4664
object	ValorantKillGroupFields	damage_type	String		4665
object	ValorantKillGroupFields	damage_item	String		4666
object	ValorantKillGroupFields	is_secondary_fire_mode	Boolean		4667
object	ValorantKillMaxFields	time	String		4671
object	ValorantKillMaxFields	round_time_ms	Float		4672
object	ValorantKillMinFields	time	String		4676
object	ValorantKillMinFields	round_time_ms	Float		4677
input	ValorantKillOrderBy	time	OrderBy		4681
input	ValorantKillOrderBy	round_time_ms	OrderBy		4682
object	ValorantKillStdDevFields	_	Boolean		4686
object	ValorantKillSumFields	_	Boolean		4690
object	ValorantKillUniqFields	id	Float		4694
object	ValorantKillUniqFields	match_id	Float		4695
object	ValorantKillUniqFields	round_id	Float		4696
object	ValorantKillUniqFields	killer_id	Float		4697
object	ValorantKillUniqFields	victim_id	Float		4698
input	ValorantKillWhere	killer_id	StringCompare		4702
input	ValorantKillWhere	region	StringCompare		4703
input	ValorantKillWhere	match_id	StringCompare		4704
input	ValorantKillWhere	game_mode	StringCompare		4705
input	ValorantKillWhere	map_id	StringCompare		4706
input	ValorantKillWhere	season_id	StringCompare		4707
input	ValorantKillWhere	queue_id	StringCompare		4708
input	ValorantKillWhere	is_ranked	BoolCompare		4709
input	ValorantKillWhere	round_id	StringCompare		4710
input	ValorantKillWhere	round_num	IntCompare		4711
input	ValorantKillWhere	period	IntCompare		4712
input	ValorantKillWhere	round_type	StringCompare		4713
input	ValorantKillWhere	result_type	StringCompare		4714
input	ValorantKillWhere	winning_team	StringCompare		4715
input	ValorantKillWhere	did_win_round	BoolCompare		4716
input	ValorantKillWhere	time	DateTimeCompare		4717
input	ValorantKillWhere	game_time_ms	IntCompare		4718
input	ValorantKillWhere	round_time_ms	IntCompare		4719
input	ValorantKillWhere	team	StringCompare		4720
input	ValorantKillWhere	lineup_id	StringCompare		4721
input	ValorantKillWhere	opp_lineup_id	StringCompare		4722
input	ValorantKillWhere	is_bomb_planted	BoolCompare		4723
input	ValorantKillWhere	plant_site	StringCompare		4724
input	ValorantKillWhere	plant_player_id	StringCompare		4725
input	ValorantKillWhere	killer_character_id	StringCompare		4726
input	ValorantKillWhere	killer_weapon_id	StringCompare		4727
input	ValorantKillWhere	killer_armor_id	StringCompare		4728
input	ValorantKillWhere	killer_loadout_value	IntCompare		4729
input	ValorantKillWhere	killer_competitive_tier	IntCompare		4730
input	ValorantKillWhere	victim_id	StringCompare		4731
input	ValorantKillWhere	victim_character_id	StringCompare		4732
input	ValorantKillWhere	victim_weapon_id	StringCompare		4733
input	ValorantKillWhere	victim_armor_id	StringCompare		4734
input	ValorantKillWhere	victim_loadout_value	IntCompare		4735
input	ValorantKillWhere	victim_competitive_tier	IntCompare		4736
input	ValorantKillWhere	damage_type	StringCompare		4737
input	ValorantKillWhere	damage_item	StringCompare		4738
input	ValorantKillWhere	is_secondary_fire_mode	BoolCompare		4739
input	ValorantKillWhere	round_kill	IntCompare		4740
input	ValorantKillWhere	team_round_kill	IntCompare		4741
input	ValorantKillWhere	player_round_kill	IntCompare		4742
input	ValorantKillWhere	is_ff_kill	BoolCompare		4743
input	ValorantKillWhere	is_trade_kill	BoolCompare		4744
object	ValorantMap	id	String!		4748
object	ValorantMap	currentVersionId	String!		4749
object	ValorantMap	currentVersion	ValorantMapVersion!		4750
object	ValorantMap	name	String!		4751
object	ValorantMap	displayName	String!		4752
object	ValorantMapVersion	id	String!		4756
object	ValorantMapVersion	mapId	String!		4757
object	ValorantMapVersion	map	ValorantMap!		4758
object	ValorantMapVersion	patch	String		4759
object	ValorantMapVersion	patchNotes	String		4760
object	ValorantMapVersion	imageUrl	String!		4761
object	ValorantMapVersion	xMultiplier	Float!		4762
object	ValorantMapVersion	yMultiplier	Float!		4763
object	ValorantMapVersion	xScalarToAdd	Float!		4764
object	ValorantMapVersion	yScalarToAdd	Float!		4765
object	ValorantMetricValues	metric	ValorantProfileMetric!		4769
object	ValorantMetricValues	values	[MetricValue!]!		4770
object	ValorantPlayer	id	String!		4774
object	ValorantPlayer	yaw	Float!		4775
object	ValorantPlayer	weaponId	String		4776
object	ValorantPlayer	armorId	String		4777
object	ValorantPlayer	location	[Float!]!		4778
object	ValorantPlayerCard	id	String!		4782
object	ValorantPlayerCard	externalId	String!		4783
object	ValorantPlayerCard	imageUrl	String!		4784
object	ValorantPlayerMatch	id	String		4788
object	ValorantPlayerMatch	created_at	LuxonDateTime		4789
object	ValorantPlayerMatch	region	String		4790
object	ValorantPlayerMatch	match_id	String		4791
object	ValorantPlayerMatch	game_mode	String		4792
object	ValorantPlayerMatch	map_id	String		4793
object	ValorantPlayerMatch	season_id	String		4794
object	ValorantPlayerMatch	queue_id	String		4795
object	ValorantPlayerMatch	is_ranked	Boolean		4796
object	ValorantPlayerMatch	game_started_at	LuxonDateTime		4797
object	ValorantPlayerMatch	game_length	Int		4798
object	ValorantPlayerMatch	winning_team	String		4799
object	ValorantPlayerMatch	rounds_played	Int		4800
object	ValorantPlayerMatch	rounds_won	Int		4801
object	ValorantPlayerMatch	did_win	Boolean		4802
object	ValorantPlayerMatch	team	String		4803
object	ValorantPlayerMatch	lineup_id	String		4804
object	ValorantPlayerMatch	opp_lineup_id	String		4805
object	ValorantPlayerMatch	team_player_ids	[String!]		4806
object	ValorantPlayerMatch	team_player_character_ids	[String!]		4807
object	ValorantPlayerMatch	team_player_loadout_values	[Int!]		4808
object	ValorantPlayerMatch	team_player_competitive_tiers	[Int!]		4809
object	ValorantPlayerMatch	opp_player_ids	[String!]		4810
object	ValorantPlayerMatch	opp_player_character_ids	[String!]		4811
object	ValorantPlayerMatch	opp_player_loadout_values	[Int!]		4812
object	ValorantPlayerMatch	opp_player_competitive_tiers	[Int!]		4813
object	ValorantPlayerMatch	player_id	String		4814
object	ValorantPlayerMatch	player_name	String		4815
object	ValorantPlayerMatch	player_tag	String		4816
object	ValorantPlayerMatch	player_card_id	String		4817
object	ValorantPlayerMatch	player_title_id	String		4818
object	ValorantPlayerMatch	party_id	String		4819
object	ValorantPlayerMatch	character_id	String		4820
object	ValorantPlayerMatch	competitive_tier	Int		4821
object	ValorantPlayerMatch	score	Int		4822
object	ValorantPlayerMatch	kills	Int		4823
object	ValorantPlayerMatch	deaths	Int		4824
object	ValorantPlayerMatch	assists	Int		4825
object	ValorantPlayerMatch	grenade_casts	Int		4826
object	ValorantPlayerMatch	ability1_casts	Int		4827
object	ValorantPlayerMatch	ability2_casts	Int		4828
object	ValorantPlayerMatch	ultimate_casts	Int		4829
object	ValorantPlayerMatch	damage_given	Int		4830
object	ValorantPlayerMatch	damage_received	Int		4831
object	ValorantPlayerMatch	cash_spent	Int		4832
object	ValorantPlayerMatch	plants	Int		4833
object	ValorantPlayerMatch	defuses	Int		4834
object	ValorantPlayerMatch	playtime_ms	Int		4835
object	ValorantPlayerMatch	character_name	String		4836
object	ValorantPlayerMatch	game_mode_name	String		4837
object	ValorantPlayerMatch	map_name	String		4838
object	ValorantPlayerMatch	rank_id	String		4839
object	ValorantPlayerMatch	season_name	String		4840
object	ValorantPlayerMatchAgg	aggregate	ValorantPlayerMatchAggFields		4844
object	ValorantPlayerMatchAgg	group_by	ValorantPlayerMatchGroupFields		4845
object	ValorantPlayerMatchAggFields	avg	ValorantPlayerMatchAvgFields!		4849
object	ValorantPlayerMatchAggFields	max	ValorantPlayerMatchMaxFields!		4850
object	ValorantPlayerMatchAggFields	min	ValorantPlayerMatchMinFields!		4851
object	ValorantPlayerMatchAggFields	sum	ValorantPlayerMatchSumFields!		4852
object	ValorantPlayerMatchAggFields	stddev	ValorantPlayerMatchStdDevFields!		4853
object	ValorantPlayerMatchAggFields	uniq	ValorantPlayerMatchUniqFields!		4854
object	ValorantPlayerMatchAggFields	count	Float		4855
object	ValorantPlayerMatchAvgFields	game_length_ms	Float		4859
object	ValorantPlayerMatchAvgFields	rounds_played	Float		4860
object	ValorantPlayerMatchAvgFields	rounds_won	Float		4861
object	ValorantPlayerMatchAvgFields	score	Float		4862
object	ValorantPlayerMatchAvgFields	kills	Float		4863
object	ValorantPlayerMatchAvgFields	deaths	Float		4864
object	ValorantPlayerMatchAvgFields	assists	Float		4865
object	ValorantPlayerMatchAvgFields	grenade_casts	Float		4866
object	ValorantPlayerMatchAvgFields	ability1_casts	Float		4867
object	ValorantPlayerMatchAvgFields	ability2_casts	Float		4868
object	ValorantPlayerMatchAvgFields	ultimate_casts	Float		4869
object	ValorantPlayerMatchAvgFields	damage_given	Float		4870
object	ValorantPlayerMatchAvgFields	damage_received	Float		4871
object	ValorantPlayerMatchAvgFields	cash_spent	Float		4872
object	ValorantPlayerMatchAvgFields	plants	Float		4873
object	ValorantPlayerMatchAvgFields	defuses	Float		4874
object	ValorantPlayerMatchAvgFields	playtime_ms	Float		4875
object	ValorantPlayerMatchConnection	totalCount	Float!		4879
object	ValorantPlayerMatchConnection	edges	[ValorantPlayerMatchEdge!]!		4880
object	ValorantPlayerMatchConnection	pageInfo	PageInfo!		4881
object	ValorantPlayerMatchEdge	cursor	String		4885
object	ValorantPlayerMatchEdge	node	ValorantPlayerMatch!		4886
object	ValorantPlayerMatchGroupFields	region	String		4890
object	ValorantPlayerMatchGroupFields	game_mode	String		4891
object	ValorantPlayerMatchGroupFields	game_mode_name	String		4892
object	ValorantPlayerMatchGroupFields	map_id	String		4893
object	ValorantPlayerMatchGroupFields	map_name	String		4894
object	ValorantPlayerMatchGroupFields	season_id	String		4895
object	ValorantPlayerMatchGroupFields	season_name	String		4896
object	ValorantPlayerMatchGroupFields	queue_id	String		4897
object	ValorantPlayerMatchGroupFields	is_ranked	Boolean		4898
object	ValorantPlayerMatchGroupFields	rounds_played	Int		4899
object	ValorantPlayerMatchGroupFields	did_win	Boolean		4900
object	ValorantPlayerMatchGroupFields	team	String		4901
object	ValorantPlayerMatchGroupFields	player_id	String		4902
object	ValorantPlayerMatchGroupFields	character_id	String		4903
object	ValorantPlayerMatchGroupFields	character_name	String		4904
object	ValorantPlayerMatchGroupFields	party_id	String		4905
object	ValorantPlayerMatchGroupFields	competitive_tier	Int		4906
object	ValorantPlayerMatchMaxFields	game_length_ms	Float		4910
object	ValorantPlayerMatchMaxFields	rounds_played	Float		4911
object	ValorantPlayerMatchMaxFields	rounds_won	Float		4912
object	ValorantPlayerMatchMaxFields	score	Float		4913
object	ValorantPlayerMatchMaxFields	kills	Float		4914
object	ValorantPlayerMatchMaxFields	deaths	Float		4915
object	ValorantPlayerMatchMaxFields	assists	Float		4916
object	ValorantPlayerMatchMaxFields	grenade_casts	Float		4917
object	ValorantPlayerMatchMaxFields	ability1_casts	Float		4918
object	ValorantPlayerMatchMaxFields	ability2_casts	Float		4919
object	ValorantPlayerMatchMaxFields	ultimate_casts	Float		4920
object	ValorantPlayerMatchMaxFields	damage_given	Float		4921
object	ValorantPlayerMatchMaxFields	damage_received	Float		4922
object	ValorantPlayerMatchMaxFields	cash_spent	Float		4923
object	ValorantPlayerMatchMaxFields	plants	Float		4924
object	ValorantPlayerMatchMaxFields	defuses	Float		4925
object	ValorantPlayerMatchMaxFields	playtime_ms	Float		4926
object	ValorantPlayerMatchMaxFields	game_started_at	String		4927
object	ValorantPlayerMatchMaxFields	competitive_tier	Int		4928
object	ValorantPlayerMatchMinFields	game_length_ms	Float		4932
object	ValorantPlayerMatchMinFields	rounds_played	Float		4933
object	ValorantPlayerMatchMinFields	rounds_won	Float		4934
object	ValorantPlayerMatchMinFields	score	Float		4935
object	ValorantPlayerMatchMinFields	kills	Float		4936
object	ValorantPlayerMatchMinFields	deaths	Float		4937
object	ValorantPlayerMatchMinFields	assists	Float		4938
object	ValorantPlayerMatchMinFields	grenade_casts	Float		4939
object	ValorantPlayerMatchMinFields	ability1_casts	Float		4940
object	ValorantPlayerMatchMinFields	ability2_casts	Float		4941
object	ValorantPlayerMatchMinFields	ultimate_casts	Float		4942
object	ValorantPlayerMatchMinFields	damage_given	Float		4943
object	ValorantPlayerMatchMinFields	damage_received	Float		4944
object	ValorantPlayerMatchMinFields	cash_spent	Float		4945
object	ValorantPlayerMatchMinFields	plants	Float		4946
object	ValorantPlayerMatchMinFields	defuses	Float		4947
object	ValorantPlayerMatchMinFields	playtime_ms	Float		4948
object	ValorantPlayerMatchMinFields	game_started_at	String		4949
object	ValorantPlayerMatchMinFields	competitive_tier	Int		4950
input	ValorantPlayerMatchOrderBy	score	OrderBy		4954
input	ValorantPlayerMatchOrderBy	game_started_at	OrderBy		4955
object	ValorantPlayerMatchStdDevFields	score	Float		4959
object	ValorantPlayerMatchSumFields	game_length_ms	Float		4963
object	ValorantPlayerMatchSumFields	rounds_played	Float		4964
object	ValorantPlayerMatchSumFields	rounds_won	Float		4965
object	ValorantPlayerMatchSumFields	score	Float		4966
object	ValorantPlayerMatchSumFields	kills	Float		4967
object	ValorantPlayerMatchSumFields	deaths	Float		4968
object	ValorantPlayerMatchSumFields	assists	Float		4969
object	ValorantPlayerMatchSumFields	grenade_casts	Float		4970
object	ValorantPlayerMatchSumFields	ability1_casts	Float		4971
object	ValorantPlayerMatchSumFields	ability2_casts	Float		4972
object	ValorantPlayerMatchSumFields	ultimate_casts	Float		4973
object	ValorantPlayerMatchSumFields	damage_given	Float		4974
object	ValorantPlayerMatchSumFields	damage_received	Float		4975
object	ValorantPlayerMatchSumFields	cash_spent	Float		4976
object	ValorantPlayerMatchSumFields	plants	Float		4977
object	ValorantPlayerMatchSumFields	defuses	Float		4978
object	ValorantPlayerMatchSumFields	playtime_ms	Float		4979
object	ValorantPlayerMatchSumFields	did_win	Int!		4980
object	ValorantPlayerMatchUniqFields	id	Float		4984
object	ValorantPlayerMatchUniqFields	lineup_id	Float		4985
object	ValorantPlayerMatchUniqFields	opp_lineup_id	Float		4986
object	ValorantPlayerMatchUniqFields	player_id	Float		4987
input	ValorantPlayerMatchWhere	player_id	StringCompare!		4991
input	ValorantPlayerMatchWhere	region	StringCompare		4992
input	ValorantPlayerMatchWhere	game_mode	StringCompare		4993
input	ValorantPlayerMatchWhere	map_id	StringCompare		4994
input	ValorantPlayerMatchWhere	season_id	StringCompare		4995
input	ValorantPlayerMatchWhere	queue_id	StringCompare		4996
input	ValorantPlayerMatchWhere	is_ranked	BoolCompare		4997
input	ValorantPlayerMatchWhere	game_started_at	DateTimeCompare		4998
input	ValorantPlayerMatchWhere	did_win	BoolCompare		4999
input	ValorantPlayerMatchWhere	team	StringCompare		5000
input	ValorantPlayerMatchWhere	character_id	StringCompare		5001
input	ValorantPlayerMatchWhere	competitive_tier	IntCompare		5002
object	ValorantPlayerRound	id	String		5006
object	ValorantPlayerRound	created_at	LuxonDateTime		5007
object	ValorantPlayerRound	region	String		5008
object	ValorantPlayerRound	match_id	String		5009
object	ValorantPlayerRound	game_mode	String		5010
object	ValorantPlayerRound	map_id	String		5011
object	ValorantPlayerRound	season_id	String		5012
object	ValorantPlayerRound	queue_id	String		5013
object	ValorantPlayerRound	is_ranked	Boolean		5014
object	ValorantPlayerRound	game_started_at	LuxonDateTime		5015
object	ValorantPlayerRound	round_id	String		5016
object	ValorantPlayerRound	round_num	Int		5017
object	ValorantPlayerRound	period	Int		5018
object	ValorantPlayerRound	round_type	String		5019
object	ValorantPlayerRound	buy_type	String		5020
object	ValorantPlayerRound	opp_buy_type	String		5021
object	ValorantPlayerRound	loadout_type	String		5022
object	ValorantPlayerRound	opp_loadout_type	String		5023
object	ValorantPlayerRound	rounds_played	Int		5024
object	ValorantPlayerRound	rounds_won	Int		5025
object	ValorantPlayerRound	did_win_pistol_round	Int		5026
object	ValorantPlayerRound	round_started_at	LuxonDateTime		5027
object	ValorantPlayerRound	round_length_ms	Float		5028
object	ValorantPlayerRound	result_type	String		5029
object	ValorantPlayerRound	winning_team	String		5030
object	ValorantPlayerRound	did_win_round	Boolean		5031
object	ValorantPlayerRound	plant_site	String		5032
object	ValorantPlayerRound	plant_location	[Int!]		5033
object	ValorantPlayerRound	plant_player_id	String		5034
object	ValorantPlayerRound	plant_time_ms	Int		5035
object	ValorantPlayerRound	defuse_player_id	String		5036
object	ValorantPlayerRound	defuse_time_ms	Int		5037
object	ValorantPlayerRound	team	String		5038
object	ValorantPlayerRound	lineup_id	String		5039
object	ValorantPlayerRound	opp_lineup_id	String		5040
object	ValorantPlayerRound	team_player_ids	[String!]		5041
object	ValorantPlayerRound	team_player_character_ids	[String!]		5042
object	ValorantPlayerRound	team_player_loadout_values	[Int!]		5043
object	ValorantPlayerRound	team_player_competitive_tiers	[Int!]		5044
object	ValorantPlayerRound	opp_player_ids	[String!]		5045
object	ValorantPlayerRound	opp_player_character_ids	[String!]		5046
object	ValorantPlayerRound	opp_player_loadout_values	[Int!]		5047
object	ValorantPlayerRound	opp_player_competitive_tiers	[Int!]		5048
object	ValorantPlayerRound	player_id	String		5049
object	ValorantPlayerRound	player_name	String		5050
object	ValorantPlayerRound	player_tag	String		5051
object	ValorantPlayerRound	player_card_id	String		5052
object	ValorantPlayerRound	player_title_id	String		5053
object	ValorantPlayerRound	party_id	String		5054
object	ValorantPlayerRound	character_id	String		5055
object	ValorantPlayerRound	competitive_tier	Int		5056
object	ValorantPlayerRound	score	Int		5057
object	ValorantPlayerRound	start_cash	Int		5058
object	ValorantPlayerRound	end_cash	Int		5059
object	ValorantPlayerRound	cash_spent	Int		5060
object	ValorantPlayerRound	start_loadout_value	Int		5061
object	ValorantPlayerRound	end_loadout_value	Int		5062
object	ValorantPlayerRound	weapon_id	String		5063
object	ValorantPlayerRound	armor_id	String		5064
object	ValorantPlayerRound	kills	Int		5065
object	ValorantPlayerRound	deaths	Int		5066
object	ValorantPlayerRound	assists	Int		5067
object	ValorantPlayerRound	damage_given	Int		5068
object	ValorantPlayerRound	damage_taken	Int		5069
object	ValorantPlayerRound	shots_hit	Int		5070
object	ValorantPlayerRound	shots_hit_head	Int		5071
object	ValorantPlayerRound	shots_hit_body	Int		5072
object	ValorantPlayerRound	shots_hit_leg	Int		5073
object	ValorantPlayerRound	death_time_ms	Int		5074
object	ValorantPlayerRound	death	Int		5075
object	ValorantPlayerRound	team_death	Int		5076
object	ValorantPlayerRound	first_kill	Boolean		5077
object	ValorantPlayerRound	armor_name	String		5078
object	ValorantPlayerRound	character_name	String		5079
object	ValorantPlayerRound	game_mode_name	String		5080
object	ValorantPlayerRound	map_name	String		5081
object	ValorantPlayerRound	rank_id	String		5082
object	ValorantPlayerRound	season_name	String		5083
object	ValorantPlayerRound	weapon_name	String		5084
object	ValorantPlayerRound	side	ClickhouseSide		5085
object	ValorantPlayerRoundAgg	aggregate	ValorantPlayerRoundAggFields		5089
object	ValorantPlayerRoundAgg	group_by	ValorantPlayerRoundGroupFields		5090
object	ValorantPlayerRoundAggFields	avg	ValorantPlayerRoundAvgFields!		5094
object	ValorantPlayerRoundAggFields	max	ValorantPlayerRoundMaxFields!		5095
object	ValorantPlayerRoundAggFields	min	ValorantPlayerRoundMinFields!		5096
object	ValorantPlayerRoundAggFields	sum	ValorantPlayerRoundSumFields!		5097
object	ValorantPlayerRoundAggFields	stddev	ValorantPlayerRoundStdDevFields!		5098
object	ValorantPlayerRoundAggFields	uniq	ValorantPlayerRoundUniqFields!		5099
object	ValorantPlayerRoundAggFields	count	Float		5100
object	ValorantPlayerRoundAvgFields	round_num	Float		5104
object	ValorantPlayerRoundAvgFields	rounds_played	Float		5105
object	ValorantPlayerRoundAvgFields	rounds_won	Float		5106
object	ValorantPlayerRoundAvgFields	round_length_ms	Float		5107
object	ValorantPlayerRoundAvgFields	plant_time_ms	Float		5108
object	ValorantPlayerRoundAvgFields	defuse_time_ms	Float		5109
object	ValorantPlayerRoundAvgFields	score	Float		5110
object	ValorantPlayerRoundAvgFields	start_cash	Float		5111
object	ValorantPlayerRoundAvgFields	end_cash	Float		5112
object	ValorantPlayerRoundAvgFields	cash_spent	Float		5113
object	ValorantPlayerRoundAvgFields	kills	Float		5114
object	ValorantPlayerRoundAvgFields	deaths	Float		5115
object	ValorantPlayerRoundAvgFields	assists	Float		5116
object	ValorantPlayerRoundAvgFields	damage_given	Float		5117
object	ValorantPlayerRoundAvgFields	damage_taken	Float		5118
object	ValorantPlayerRoundAvgFields	shots_hit	Float		5119
object	ValorantPlayerRoundAvgFields	shots_hit_head	Float		5120
object	ValorantPlayerRoundAvgFields	shots_hit_body	Float		5121
object	ValorantPlayerRoundAvgFields	shots_hit_leg	Float		5122
object	ValorantPlayerRoundAvgFields	death_time_ms	Float		5123
object	ValorantPlayerRoundAvgFields	death	Float		5124
object	ValorantPlayerRoundAvgFields	team_death	Float		5125
object	ValorantPlayerRoundConnection	totalCount	Float!		5129
object	ValorantPlayerRoundConnection	edges	[ValorantPlayerRoundEdge!]!		5130
object	ValorantPlayerRoundConnection	pageInfo	PageInfo!		5131
object	ValorantPlayerRoundEdge	cursor	String		5135
object	ValorantPlayerRoundEdge	node	ValorantPlayerRound!		5136
object	ValorantPlayerRoundGroupFields	region	String		5140
object	ValorantPlayerRoundGroupFields	match_id	String		5141
object	ValorantPlayerRoundGroupFields	game_mode	String		5142
object	ValorantPlayerRoundGroupFields	game_mode_name	String		5143
object	ValorantPlayerRoundGroupFields	map_id	String		5144
object	ValorantPlayerRoundGroupFields	map_name	String		5145
object	ValorantPlayerRoundGroupFields	season_id	String		5146
object	ValorantPlayerRoundGroupFields	season_name	String		5147
object	ValorantPlayerRoundGroupFields	queue_id	String		5148
object	ValorantPlayerRoundGroupFields	is_ranked	Boolean		5149
object	ValorantPlayerRoundGroupFields	period	Int!		5150
object	ValorantPlayerRoundGroupFields	round_num	Int!		5151
object	ValorantPlayerRoundGroupFields	round_type	String		5152
object	ValorantPlayerRoundGroupFields	result_type	String		5153
object	ValorantPlayerRoundGroupFields	did_win_pistol_round	Boolean!		5154
object	ValorantPlayerRoundGroupFields	did_win_round	Boolean!		5155
object	ValorantPlayerRoundGroupFields	plant_site	String		5156
object	ValorantPlayerRoundGroupFields	team	String		5157
object	ValorantPlayerRoundGroupFields	player_id	String		5158
object	ValorantPlayerRoundGroupFields	party_id	String		5159
object	ValorantPlayerRoundGroupFields	character_id	String		5160
object	ValorantPlayerRoundGroupFields	character_name	String		5161
object	ValorantPlayerRoundGroupFields	competitive_tier	Int!		5162
object	ValorantPlayerRoundGroupFields	weapon_id	String		5163
object	ValorantPlayerRoundGroupFields	weapon_name	String		5164
object	ValorantPlayerRoundGroupFields	armor_id	String		5165
object	ValorantPlayerRoundGroupFields	armor_name	String		5166
object	ValorantPlayerRoundMaxFields	round_num	Float		5170
object	ValorantPlayerRoundMaxFields	rounds_played	Float		5171
object	ValorantPlayerRoundMaxFields	rounds_won	Float		5172
object	ValorantPlayerRoundMaxFields	round_length_ms	Float		5173
object	ValorantPlayerRoundMaxFields	plant_time_ms	Float		5174
object	ValorantPlayerRoundMaxFields	defuse_time_ms	Float		5175
object	ValorantPlayerRoundMaxFields	score	Float		5176
object	ValorantPlayerRoundMaxFields	start_cash	Float		5177
object	ValorantPlayerRoundMaxFields	end_cash	Float		5178
object	ValorantPlayerRoundMaxFields	cash_spent	Float		5179
object	ValorantPlayerRoundMaxFields	kills	Float		5180
object	ValorantPlayerRoundMaxFields	deaths	Float		5181
object	ValorantPlayerRoundMaxFields	assists	Float		5182
object	ValorantPlayerRoundMaxFields	damage_given	Float		5183
object	ValorantPlayerRoundMaxFields	damage_taken	Float		5184
object	ValorantPlayerRoundMaxFields	shots_hit	Float		5185
object	ValorantPlayerRoundMaxFields	shots_hit_head	Float		5186
object	ValorantPlayerRoundMaxFields	shots_hit_body	Float		5187
object	ValorantPlayerRoundMaxFields	shots_hit_leg	Float		5188
object	ValorantPlayerRoundMaxFields	death_time_ms	Float		5189
object	ValorantPlayerRoundMaxFields	death	Float		5190
object	ValorantPlayerRoundMaxFields	team_death	Float		5191
object	ValorantPlayerRoundMaxFields	game_started_at	String		5192
object	ValorantPlayerRoundMaxFields	competitive_tier	Int		5193
object	ValorantPlayerRoundMaxFields	start_loadout_value	Int		5194
object	ValorantPlayerRoundMaxFields	end_loadout_value	Int		5195
object	ValorantPlayerRoundMinFields	round_num	Float		5199
object	ValorantPlayerRoundMinFields	rounds_played	Float		5200
object	ValorantPlayerRoundMinFields	rounds_won	Float		5201
object	ValorantPlayerRoundMinFields	round_length_ms	Float		5202
object	ValorantPlayerRoundMinFields	plant_time_ms	Float		5203
object	ValorantPlayerRoundMinFields	defuse_time_ms	Float		5204
object	ValorantPlayerRoundMinFields	score	Float		5205
object	ValorantPlayerRoundMinFields	start_cash	Float		5206
object	ValorantPlayerRoundMinFields	end_cash	Float		5207
object	ValorantPlayerRoundMinFields	cash_spent	Float		5208
object	ValorantPlayerRoundMinFields	kills	Float		5209
object	ValorantPlayerRoundMinFields	deaths	Float		5210
object	ValorantPlayerRoundMinFields	assists	Float		5211
object	ValorantPlayerRoundMinFields	damage_given	Float		5212
object	ValorantPlayerRoundMinFields	damage_taken	Float		5213
object	ValorantPlayerRoundMinFields	shots_hit	Float		5214
object	ValorantPlayerRoundMinFields	shots_hit_head	Float		5215
object	ValorantPlayerRoundMinFields	shots_hit_body	Float		5216
object	ValorantPlayerRoundMinFields	shots_hit_leg	Float		5217
object	ValorantPlayerRoundMinFields	death_time_ms	Float		5218
object	ValorantPlayerRoundMinFields	death	Float		5219
object	ValorantPlayerRoundMinFields	team_death	Float		5220
object	ValorantPlayerRoundMinFields	game_started_at	String		5221
object	ValorantPlayerRoundMinFields	competitive_tier	Int		5222
object	ValorantPlayerRoundMinFields	start_loadout_value	Int		5223
object	ValorantPlayerRoundMinFields	end_loadout_value	Int		5224
input	ValorantPlayerRoundOrderBy	score	OrderBy		5228
input	ValorantPlayerRoundOrderBy	game_started_at	OrderBy		5229
input	ValorantPlayerRoundOrderBy	round_num	OrderBy		5230
object	ValorantPlayerRoundStdDevFields	score	Float		5234
object	ValorantPlayerRoundSumFields	round_num	Float		5238
object	ValorantPlayerRoundSumFields	rounds_played	Float		5239
object	ValorantPlayerRoundSumFields	rounds_won	Float		5240
object	ValorantPlayerRoundSumFields	round_length_ms	Float		5241
object	ValorantPlayerRoundSumFields	plant_time_ms	Float		5242
object	ValorantPlayerRoundSumFields	defuse_time_ms	Float		5243
object	ValorantPlayerRoundSumFields	score	Float		5244
object	ValorantPlayerRoundSumFields	start_cash	Float		5245
object	ValorantPlayerRoundSumFields	end_cash	Float		5246
object	ValorantPlayerRoundSumFields	cash_spent	Float		5247
object	ValorantPlayerRoundSumFields	kills	Float		5248
object	ValorantPlayerRoundSumFields	deaths	Float		5249
object	ValorantPlayerRoundSumFields	assists	Float		5250
object	ValorantPlayerRoundSumFields	damage_given	Float		5251
object	ValorantPlayerRoundSumFields	damage_taken	Float		5252
object	ValorantPlayerRoundSumFields	shots_hit	Float		5253
object	ValorantPlayerRoundSumFields	shots_hit_head	Float		5254
object	ValorantPlayerRoundSumFields	shots_hit_body	Float		5255
object	ValorantPlayerRoundSumFields	shots_hit_leg	Float		5256
object	ValorantPlayerRoundSumFields	death_time_ms	Float		5257
object	ValorantPlayerRoundSumFields	death	Float		5258
object	ValorantPlayerRoundSumFields	team_death	Float		5259
object	ValorantPlayerRoundUniqFields	id	Float		5263
object	ValorantPlayerRoundUniqFields	match_id	Float		5264
object	ValorantPlayerRoundUniqFields	lineup_id	Float		5265
object	ValorantPlayerRoundUniqFields	opp_lineup_id	Float		5266
object	ValorantPlayerRoundUniqFields	player_id	Float		5267
input	ValorantPlayerRoundWhere	player_id	StringCompare!		5271
input	ValorantPlayerRoundWhere	region	StringCompare		5272
input	ValorantPlayerRoundWhere	match_id	StringCompare		5273
input	ValorantPlayerRoundWhere	game_mode	StringCompare		5274
input	ValorantPlayerRoundWhere	map_id	StringCompare		5275
input	ValorantPlayerRoundWhere	season_id	StringCompare		5276
input	ValorantPlayerRoundWhere	queue_id	StringCompare		5277
input	ValorantPlayerRoundWhere	is_ranked	BoolCompare		5278
input	ValorantPlayerRoundWhere	game_started_at	DateTimeCompare		5279
input	ValorantPlayerRoundWhere	team	StringCompare		5280
input	ValorantPlayerRoundWhere	score	IntCompare		5281
object	ValorantProfile	user	User!		5285
object	ValorantProfile	playerId	String!		5286
object	ValorantProfile	region	String!		5287
object	ValorantProfile	gameName	String		5288
object	ValorantProfile	competitiveTier	Int		5289
object	ValorantProfile	playerCard	ValorantProfilePlayerCard!		5290
object	ValorantProfile	gameEvents	[ValorantGameEvent!]!		5291
object	ValorantProfile	metrics	[ValorantMetricValues!]!	metrics: [ValorantProfileMetricInput!]!, groupBy: ValorantProfileMetricGroup!, range: ValorantProfileMetricRangeInput!	5292
object	ValorantProfile	trends	[ValorantTrend!]!		5293
enum	ValorantProfileMetric	win_rate			5297
enum	ValorantProfileMetric	damage_delta			5298
enum	ValorantProfileMetric	kd_ratio			5299
enum	ValorantProfileMetric	acs			5300
enum	ValorantProfileMetric	hs_percentage			5301
enum	ValorantProfileMetricGroup	game_start_day			5305
enum	ValorantProfileMetricGroup	game_start_week			5306
enum	ValorantProfileMetricGroup	game_start_month			5307
enum	ValorantProfileMetricGroup	game_start_year			5308
input	ValorantProfileMetricInput	metric	ValorantProfileMetric!		5312
input	ValorantProfileMetricInput	aggregator	String		5313
input	ValorantProfileMetricRangeInput	startDate	DateTime		5317
input	ValorantProfileMetricRangeInput	endDate	DateTime		5318
object	ValorantProfilePlayerCard	featuredAgent	String		5322
object	ValorantTeamMatch	id	String!		5326
object	ValorantTeamMatch	created_at	LuxonDateTime!		5327
object	ValorantTeamMatch	region	String!		5328
object	ValorantTeamMatch	match_id	String!		5329
object	ValorantTeamMatch	game_mode	String!		5330
object	ValorantTeamMatch	map_id	String!		5331
object	ValorantTeamMatch	season_id	String!		5332
object	ValorantTeamMatch	queue_id	String!		5333
object	ValorantTeamMatch	is_ranked	Boolean!		5334
object	ValorantTeamMatch	game_started_at	LuxonDateTime!		5335
object	ValorantTeamMatch	game_length_ms	Int!		5336
object	ValorantTeamMatch	winning_team	String!		5337
object	ValorantTeamMatch	rounds_played	Int!		5338
object	ValorantTeamMatch	rounds_won	Int!		5339
object	ValorantTeamMatch	did_win	Boolean!		5340
object	ValorantTeamMatch	team	String!		5341
object	ValorantTeamMatch	lineup_id	String		5342
object	ValorantTeamMatch	opp_lineup_id	String		5343
object	ValorantTeamMatch	team_player_ids	[String!]!		5344
object	ValorantTeamMatch	team_player_character_ids	[String!]!		5345
object	ValorantTeamMatch	team_player_competitive_tiers	[Int!]!		5346
object	ValorantTeamMatch	opp_player_ids	[String!]!		5347
object	ValorantTeamMatch	opp_player_character_ids	[String!]!		5348
object	ValorantTeamMatch	opp_player_competitive_tiers	[Int!]!		5349
object	ValorantTeamMatch	did_win_attack_pistol_round	Boolean!		5350
object	ValorantTeamMatch	did_win_defense_pistol_round	Boolean!		5351
object	ValorantTeamMatch	plants	Int!		5352
object	ValorantTeamMatch	defuses	Int!		5353
object	ValorantTeamMatch	damage_given	Int!		5354
object	ValorantTeamMatch	damage_taken	Int!		5355
object	ValorantTeamMatch	kills	Int!		5356
object	ValorantTeamMatch	deaths	Int!		5357
object	ValorantTeamMatch	assists	Int!		5358
object	ValorantTeamMatch	opp_plants	Int!		5359
object	ValorantTeamMatch	opp_defuses	Int!		5360
object	ValorantTeamMatch	opp_damage_given	Int!		5361
object	ValorantTeamMatch	opp_damage_taken	Int!		5362
object	ValorantTeamMatch	opp_kills	Int!		5363
object	ValorantTeamMatch	opp_deaths	Int!		5364
object	ValorantTeamMatch	opp_assists	Int!		5365
object	ValorantTeamMatch	grenade_casts	Int!		5366
object	ValorantTeamMatch	ability1_casts	Int!		5367
object	ValorantTeamMatch	ability2_casts	Int!		5368
object	ValorantTeamMatch	ultimate_casts	Int!		5369
object	ValorantTeamMatch	trade_kills	Int!		5370
object	ValorantTeamMatch	kills_traded	Int!		5371
object	ValorantTeamMatchConnection	totalCount	Int!		5375
object	ValorantTeamMatchConnection	edges	[ValorantTeamMatchEdge!]!		5376
object	ValorantTeamMatchConnection	pageInfo	PageInfo!		5377
object	ValorantTeamMatchEdge	cursor	String		5381
object	ValorantTeamMatchEdge	node	ValorantTeamMatch!		5382
input	ValorantTeamMatchOrderBy	map_id	OrderBy		5386
input	ValorantTeamMatchOrderBy	match_id	OrderBy		5387
input	ValorantTeamMatchOrderBy	game_started_at	OrderBy		5388
input	ValorantTeamMatchWhere	team	StringCompare		5392
input	ValorantTeamMatchWhere	region	StringCompare		5393
input	ValorantTeamMatchWhere	match_id	StringCompare		5394
input	ValorantTeamMatchWhere	game_mode	StringCompare		5395
input	ValorantTeamMatchWhere	map_id	StringCompare		5396
input	ValorantTeamMatchWhere	season_id	StringCompare		5397
input	ValorantTeamMatchWhere	queue_id	StringCompare		5398
input	ValorantTeamMatchWhere	is_ranked	BoolCompare		5399
input	ValorantTeamMatchWhere	game_started_at	DateTimeCompare		5400
input	ValorantTeamMatchWhere	lineup_id	StringCompare		5401
input	ValorantTeamMatchWhere	opp_lineup_id	StringCompare		5402
object	ValorantTeamRound	id	String!		5406
object	ValorantTeamRound	created_at	LuxonDateTime!		5407
object	ValorantTeamRound	region	String!		5408
object	ValorantTeamRound	match_id	String!		5409
object	ValorantTeamRound	game_mode	String!		5410
object	ValorantTeamRound	map_id	String!		5411
object	ValorantTeamRound	season_id	String!		5412
object	ValorantTeamRound	queue_id	String!		5413
object	ValorantTeamRound	is_ranked	Boolean!		5414
object	ValorantTeamRound	game_started_at	LuxonDateTime!		5415
object	ValorantTeamRound	round_id	String!		5416
object	ValorantTeamRound	round_num	Int!		5417
object	ValorantTeamRound	period	Int!		5418
object	ValorantTeamRound	round_type	String!		5419
object	ValorantTeamRound	buy_type	String!		5420
object	ValorantTeamRound	opp_buy_type	String!		5421
object	ValorantTeamRound	loadout_type	String!		5422
object	ValorantTeamRound	opp_loadout_type	String!		5423
object	ValorantTeamRound	rounds_played	Int!		5424
object	ValorantTeamRound	rounds_won	Int!		5425
object	ValorantTeamRound	did_win_pistol_round	Boolean!		5426
object	ValorantTeamRound	round_started_at	String!		5427
object	ValorantTeamRound	round_length_ms	Int!		5428
object	ValorantTeamRound	result_type	String!		5429
object	ValorantTeamRound	winning_team	String!		5430
object	ValorantTeamRound	did_win_round	Boolean!		5431
object	ValorantTeamRound	plant_site	String!		5432
object	ValorantTeamRound	plant_location	[Int]!		5433
object	ValorantTeamRound	plant_player_id	String		5434
object	ValorantTeamRound	plant_time_ms	Int!		5435
object	ValorantTeamRound	defuse_player_id	String		5436
object	ValorantTeamRound	defuse_time_ms	Int!		5437
object	ValorantTeamRound	team	String!		5438
object	ValorantTeamRound	lineup_id	String		5439
object	ValorantTeamRound	opp_lineup_id	String		5440
object	ValorantTeamRound	team_player_ids	[String!]!		5441
object	ValorantTeamRound	team_player_character_ids	[String!]!		5442
object	ValorantTeamRound	team_player_loadout_values	[Int!]!		5443
object	ValorantTeamRound	team_player_armor_ids	[String]!		5444
object	ValorantTeamRound	team_player_weapon_ids	[String]!		5445
object	ValorantTeamRound	team_player_competitive_tiers	[Int!]!		5446
object	ValorantTeamRound	opp_player_ids	[String!]!		5447
object	ValorantTeamRound	opp_player_character_ids	[String!]!		5448
object	ValorantTeamRound	opp_player_loadout_values	[Int!]!		5449
object	ValorantTeamRound	opp_player_armor_ids	[String]!		5450
object	ValorantTeamRound	opp_player_weapon_ids	[String]!		5451
object	ValorantTeamRound	opp_player_competitive_tiers	[Int!]!		5452
object	ValorantTeamRound	score	Int!		5453
object	ValorantTeamRound	start_cash	Int!		5454
object	ValorantTeamRound	end_cash	Int!		5455
object	ValorantTeamRound	cash_spent	Int!		5456
object	ValorantTeamRound	start_loadout_value	Int!		5457
object	ValorantTeamRound	end_loadout_value	Int!		5458
object	ValorantTeamRound	kills	Int!		5459
object	ValorantTeamRound	deaths	Int!		5460
object	ValorantTeamRound	assists	Int!		5461
object	ValorantTeamRound	damage_given	Int!		5462
object	ValorantTeamRound	damage_taken	Int!		5463
object	ValorantTeamRound	shots_hit	Int!		5464
object	ValorantTeamRound	shots_hit_head	Int!		5465
object	ValorantTeamRound	shots_hit_body	Int!		5466
object	ValorantTeamRound	shots_hit_leg	Int!		5467
object	ValorantTeamRound	opp_score	Int!		5468
object	ValorantTeamRound	opp_start_cash	Int!		5469
object	ValorantTeamRound	opp_end_cash	Int!		5470
object	ValorantTeamRound	opp_cash_spent	Int!		5471
object	ValorantTeamRound	opp_start_loadout_value	Int!		5472
object	ValorantTeamRound	opp_end_loadout_value	Int!		5473
object	ValorantTeamRound	opp_kills	Int!		5474
object	ValorantTeamRound	opp_deaths	Int!		5475
object	ValorantTeamRound	opp_assists	Int!		5476
object	ValorantTeamRound	opp_damage_given	Int!		5477
object	ValorantTeamRound	opp_damage_taken	Int!		5478
object	ValorantTeamRound	opp_shots_hit	Int!		5479
object	ValorantTeamRound	opp_shots_hit_head	Int!		5480
object	ValorantTeamRound	opp_shots_hit_body	Int!		5481
object	ValorantTeamRound	opp_shots_hit_leg	Int!		5482
object	ValorantTeamRound	first_kill	Boolean!		5483
object	ValorantTeamRound	first_victim	Boolean!		5484
object	ValorantTeamRound	side	ClickhouseSide		5485
object	ValorantTeamRoundConnection	totalCount	Int!		5489
object	ValorantTeamRoundConnection	edges	[ValorantTeamRoundEdge!]!		5490
object	ValorantTeamRoundConnection	pageInfo	PageInfo!		5491
object	ValorantTeamRoundEdge	cursor	String		5495
object	ValorantTeamRoundEdge	node	ValorantTeamRound!		5496
input	ValorantTeamRoundOrderBy	score	OrderBy		5500
input	ValorantTeamRoundOrderBy	game_started_at	OrderBy		5501
input	ValorantTeamRoundOrderBy	round_num	OrderBy		5502
input	ValorantTeamRoundWhere	team	StringCompare		5506
input	ValorantTeamRoundWhere	region	StringCompare		5507
input	ValorantTeamRoundWhere	match_id	StringCompare		5508
input	ValorantTeamRoundWhere	game_mode	StringCompare		5509
input	ValorantTeamRoundWhere	map_id	StringCompare		5510
input	ValorantTeamRoundWhere	season_id	StringCompare		5511
input	ValorantTeamRoundWhere	queue_id	StringCompare		5512
input	ValorantTeamRoundWhere	is_ranked	BoolCompare		5513
input	ValorantTeamRoundWhere	game_started_at	DateTimeCompare		5514
input	ValorantTeamRoundWhere	score	IntCompare		5515
object	ValorantTrend	metric	ValorantTrendMetric!		5519
object	ValorantTrend	group	ValorantTrendGroup!		5520
object	ValorantTrendGroup	map	String!		5524
object	ValorantTrendGroup	gameMode	String!		5525
object	ValorantTrendGroup	side	String!		5526
object	ValorantTrendMetric	value	Float!		5530
object	ValorantTrendMetric	name	String!		5531
object	ValorantWeapon	id	String!		5535
object	ValorantWeapon	externalId	String!		5536
object	ValorantWeapon	currentVersionId	String!		5537
object	ValorantWeapon	currentVersion	ValorantWeaponVersion!		5538
object	ValorantWeapon	category	String!		5539
object	ValorantWeapon	displayName	String!		5540
object	ValorantWeaponVersion	id	String!		5544
object	ValorantWeaponVersion	weaponId	String!		5545
object	ValorantWeaponVersion	weapon	ValorantWeapon!		5546
object	ValorantWeaponVersion	patch	String		5547
object	ValorantWeaponVersion	patchNotes	String		5548
object	ValorantWeaponVersion	iconUrl	String!		5549
object	ValorantWeaponVersion	imageUrl	String!		5550
enum	WinExpectancyEvent	kill			5555
enum	WinExpectancyEvent	plant			5556
enum	WinExpectancyEvent	defuse			5557
input	XboxPlayResult	taskName	String!		5561
input	XboxPlayResult	taskId	String		5562
input	XboxPlayResult	taskVersion	String		5563
input	XboxPlayResult	mode	Int		5564
input	XboxPlayResult	map	Int		5565
input	XboxPlayResult	score	Float!		5566
input	XboxPlayResult	startedAt	Timestamp!		5567
input	XboxPlayResult	endedAt	Timestamp!		5568
input	XboxPlayResult	sentAt	Timestamp!		5569
input	XboxPlayResult	app	App!		5570
input	XboxPlayResult	appVersion	String!		5571
input	XboxPlayResult	studyId	String		5572
input	XboxPlayResult	performanceData	JSONObject		5573
input	XboxPlayResult	analyticsVersion	String		5574
input	XboxPlayResult	steamId	String		5575
input	XboxPlayResult	weaponId	String		5576
input	XboxPlayResult	modeId	Int		5577
input	XboxPlayResult	mapId	Int		5578
input	XboxPlayResult	mapVersion	String		5579
input	XboxPlayResult	duration	Float		5580
input	XboxPlayResult	pauseDuration	Float		5581
input	XboxPlayResult	weaponSkin	String		5582
input	XboxPlayResult	inputDevice	[InputDevice!]		5583
input	XboxPlayResult	isVisible	Boolean		5584
input	XboxPlayResult	seasonId	String		5585
input	XboxPlayResult	country	String		5586
input	XboxPlayResult	region	String		5587
input	XboxPlayResult	deviceId	String		5588
input	XboxPlayResult	weaponName	String!		5589
input	XboxPlayResult	weaponType	String!		5590
input	XboxPlayResult	metaData	AimlabPlayMetaData!		5591
input	XboxPlayResult	analyticsPayload	AnalyticsPayload		5592
input	XboxPlayResult	userSettings	AimlabUserSettingsInput!		5593
input	XboxPlayResult	userSkills	AimlabPlayUserSkills!		5594
input	XboxPlayResult	playCosmetics	AimlabPlayCosmeticsInput		5595
input	XboxPlayResult	advancedPerformanceData	AimlabPlayAdvancedStatisticsInput		5596
input	XboxPlayResult	matchPlaySubmissionInput	[MatchPlaySubmissionInput!]		5597
input	XboxPlayResult	aimAssistConfig	ConsoleAimAssistConfig!		5598
